【該当数】,【リズム】,【該当文字一覧】,【連結リズム】
14,タン,"／,・,(,),|,.,、,_,ー,1,I,l,ノ,一",タ
35,タタン,"ゝ,~,～,<,>,^,「,」,,,。,0,C,c,J,L,O,o,r,U,V,v,γ,ι,ν,ο,υ,く,し,つ,っ,て,フ,へ,ヘ,レ",タタ
30,タタタン,"&,[,],2,6,8,9,a,b,d,e,g,h,n,p,q,S,s,u,Z,z,α,δ,ζ,η,ρ,σ,φ,の,乙",タタタ
29,タンタン,"!,！,"",=,+,i,T,t,X,x,y,λ,χ,イ,ィ,ソ,ト,ナ,ニ,ハ,ヒ,メ,リ,ン,十,人,二,入,八",タンタ
15,タタタタン,"{,},♡,3,W,w,β,ε,μ,ω,そ,ひ,ろ,ん,了",タタタタ
16,タンタタン,"7,D,N,P,Y,ψ,う,ぅ,ク,と,ラ,ル,ワ,ヮ,七,丁",タンタタ
24,タタンタン,"4,f,j,Q,θ,κ,Φ,ア,ァ,い,ぃ,こ,コ,ス,セ,ヌ,マ,ム,ヤ,ャ,ユ,ュ,り,又",タタンタ
2,タタタタタン,"m,★",タタタタタ
4,タタンタタン,"G,プ,ぺ,ペ",タタンタタ
7,タンタタタン,"M,す,ち,め,よ,ょ,九",タンタタタ
10,タタタンタン,"？,?,5,$,カ,ヵ,ゆ,ゅ,刀,力",タタタンタ
31,タンタンタン,"A,F,H,K,k,エ,ェ,キ,ケ,ヶ,サ,シ,チ,ツ,ッ,テ,ミ,モ,ヲ,下,干,工,三,士,上,丈,千,川,大,土,亡",タンタンタ
2,タタタタタタン,"る,ξ",タタタタタタ
2,タタタタンタン,"み,子",タタタタンタ
1,タタンタタタン,ら,タタンタタタ
4,タンタンタタン,"ウ,ゥ,パ,ピ",タンタンタタ
4,タンタタタタン,"B,え,ぇ,わ",タンタタタタ
15,タンタタンタン,"R,π,オ,ォ,さ,せ,タ,ロ,々,久,口,才,山,寸,夕",タンタタンタ
21,タタンタンタン,"か,ゕ,ぐ,け,づ,で,に,ブ,べ,べ,も,や,ゃ,ヨ,ョ,ヱ,ゞ,斤,女,小,爪",タタンタンタ
2,タンタタタタタン,"ぬ,れ",タンタタタタタ
1,タタタタンタタン,ぴ,タタタタンタタ
1,タタタンタンタン,刃,タタタンタンタ
2,タタンタンタタン,"じ,己",タタンタンタタ
1,タンタタンタタン,%,タンタタンタタ
5,タンタンタタタン,"あ,ぁ,ま,乞,乏",タンタンタタタ
6,タンタタタンタン,"お,ぉ,丸,巾,凡,万",タンタタタンタ
25,タンタンタンタン,"#,E,ゾ,た,ド,バ,井,王,火,介,牛,犬,午,止,升,仁,太,天,斗,不,夫,父,文,木,六",タンタンタンタ
1,タタタタタタタタン,ゑ,タタタタタタタタ
1,タタタタンタンタン,"ぞ,び",タタタタンタンタ
1,タタタンタンタタン,氏,タタタンタンタタ
1,タタンタタンタタン,水,タタンタタンタタ
1,タンタタタタタタン,ね,タンタタタタタタ
3,タンタタタタンタン,"む,及,与",タンタタタタンタ
1,タンタタタンタタン,を,タンタタタンタタ
8,タンタンタタンタン,"き,凶,五,公,支,反,仏,友",タンタンタタンタ
10,タンタタンタンタン,"グ,ど,ネ,ビ,ホ,欠,戸,心,中,日",タンタタンタンタ
9,タンタンタンタタン,"化,刈,区,元,今,手,匹,片,毛",タンタンタンタタ
1,タタンタンタタタン,は,タタンタンタタタ
9,タタンタンタンタン,"ご,ゴ,ズ,ゼ,ふ,丘,尺,少,斥",タタンタンタンタ
1,タタタタンタンタタン,孔,タタタタンタンタタ
1,タタタンタンタンタン,ガ,タタタンタンタンタ
1,タタンタンタタタタン,弓,タタンタンタタタタ
2,タタンタンタタンタン,"収,双",タタンタンタタンタ
2,タンタタンタタンタン,"牙,互",タンタタンタタンタ
3,タンタタンタンタタン,"世,屯,比",タンタタンタンタタ
3,タンタンタタタンタン,"切,分,方",タンタンタタタンタ
6,タンタタタンタンタン,"ず,ぢ,円,月,丹,内",タンタタタンタンタ
1,タンタンタンタタタン,な,タンタンタンタタタ
25,タンタンタンタンタン,"ギ,ゲ,ザ,ジ,ヂ,ヅ,デ,圧,以,甘,玉,左,仕,失,主,正,生,半,平,本,末,未,矢,立,丼",タンタンタンタンタ
1,タタタタタタタタタタン,☆,タタタタタタタタタタ
1,タンタタタンタタンタン,勾,タンタタタンタタンタ
1,タンタタタンタンタタン,匂,タンタタタンタンタタ
1,タンタタンタンタタタン,冗,タンタタンタンタタタ
1,タンタンタタタンタタン,厄,タンタンタタタンタタ
1,タンタタンタタタンタン,瓦,タンタタンタタタンタ
2,タタンタンタタンタタン,"氷,予",タタンタンタタンタタ
1,タタンタンタンタタタン,ほ,タタンタンタンタタタ
3,タタンタンタンタンタン,"が,げ,弁",タタンタンタンタンタ
4,タンタンタンタンタタン,"刊,札,庁,北",タンタンタンタンタタ
8,タンタンタタンタンタン,"ヴ,旧,巨,示,汁,白,必,穴",タンタンタタンタンタ
10,タンタンタンタタンタン,"右,去,古,広,石,仙,占,代,付,令",タンタンタンタタンタ
17,タンタタンタンタンタン,"ざ,ぜ,ダ,央,外,且,甲,皿,史,申,旦,田,冬,目,由,四,囚",タンタタンタンタンタ
1,タタンタタンタンタタタン,幻,タタンタタンタンタタタ
1,タンタンタタンタンタタン,可,タンタンタタンタンタタ
1,タンタタタンタタンタタン,永,タンタタタンタタンタタ
1,タンタンタタタンタンタン,丙,タンタンタタタンタンタ
1,タンタンタタンタタンタン,玄,タンタンタタンタタンタ
1,タンタンタンタタタタタン,込,タンタンタンタタタタタ
1,タンタンタンタンタタタン,芝,タンタンタンタンタタタ
2,タタンタンタタタタンタン,"引,弔",タタンタンタタタタンタ
2,タタンタンタンタンタタン,"ぷ,尼",タタンタンタンタンタタ
2,タンタタタンタンタンタン,"冊,用",タンタタタンタンタンタ
3,タタンタンタンタタンタン,"后,台,奴",タタンタンタンタタンタ
3,タンタタンタンタタンタン,"出,皮,払",タンタタンタンタタンタ
3,タンタンタンタタタンタン,"功,市,布",タンタンタンタタタンタ
1,タタンタンタタタンタタン,ぱ,タタンタンタタタンタタ
1,タタンタンタタンタンタン,臼,タタンタンタタンタンタ
6,タンタタンタンタンタタン,"ポ,兄,叱,匠,打,礼",タンタタンタンタンタタ
19,タンタンタンタンタンタン,"だ,灰,企,休,共,件,交,在,耳,朱,州,全,壮,任,年,伏,忙,朴,羊",タンタンタンタンタンタ
1,タタンタタタンタンタンタン,母,タタンタタタンタンタンタ
1,タタンタンタタタンタンタン,ば,タタンタンタタタンタンタ
1,タタンタンタタンタタンタン,矛,タタンタンタタンタタンタ
1,タタンタンタタンタンタタン,民,タタンタンタタンタンタタ
1,タタンタンタンタタタンタン,印,タタンタンタンタタタンタ
1,タタンタンタンタンタタタン,尻,タタンタンタンタンタタタ
1,タンタタタンタンタタンタン,句,タンタタタンタンタタンタ
1,タンタタンタンタンタタタン,処,タンタタンタンタンタタタ
1,タンタンタタタンタタンタン,凸,タンタンタタタンタタンタ
1,タンタンタタタンタンタタン,他,タンタンタタタンタンタタ
1,タンタンタンタンタタタタン,巧,タンタンタンタンタタタタ
4,タタタンタンタンタタンタン,"凹,加,司,召",タタタンタンタンタタンタ
3,タタンタンタンタンタンタン,"ぶ,尽,兵",タタンタンタンタンタンタ
8,タンタタンタンタンタンタン,"ボ,叫,曲,至,早,虫,吐,因",タンタタンタンタンタンタ
7,タンタンタンタタンタンタン,"衣,次,仲,当,伐,百,妄",タンタンタンタタンタンタ
7,タンタンタタンタンタンタン,"ぎ,汗,血,江,自,西,吏",タンタンタタンタンタンタ
9,タンタンタンタンタンタタン,"芋,刑,光,行,先,竹,兆,灯,老",タンタンタンタンタンタタ
11,タンタンタンタンタタンタン,"仮,会,缶,伎,吉,合,寺,式,舌,伝,弐",タンタンタンタンタタンタ
1,タタタンタンタンタタタタタン,辺,タタタンタンタンタタタタタ
1,タタンタタンタンタタタンタン,幼,タタンタタンタンタタタンタ
1,タタンタタンタンタンタンタン,糸,タタンタタンタンタンタンタ
1,タタンタンタンタタタンタタン,ぽ,タタンタンタンタタタンタタ
1,タタンタンタンタタタタンタン,好,タタンタンタンタタタタンタ
1,タタンタンタンタンタタンタン,如,タタンタンタンタンタタンタ
1,タンタタタンタタンタンタタン,包,タンタタタンタタンタンタタ
1,タンタタタンタンタンタンタン,肉,タンタタタンタンタンタンタ
1,タンタタンタンタタタンタタン,犯,タンタタンタンタタタンタタ
1,タンタタンタンタンタタタタン,号,タンタタンタンタンタタタタ
1,タンタンタタタンタタタンタン,仰,タンタンタタタンタタタンタ
1,タンタンタタンタタタタンタン,字,タンタンタタンタタタタンタ
1,タンタンタタンタタタンタタン,氾,タンタンタタンタタタンタタ
1,タンタンタタンタタンタンタン,安,タンタンタタンタタンタンタ
1,タンタンタタンタンタタンタン,守,タンタンタタンタンタタンタ
1,タンタンタンタンタンタタタン,机,タンタンタンタンタンタタタ
4,タンタタンタンタタンタンタン,"旨,折,回,団",タンタタンタンタタンタンタ
2,タンタンタタタンタンタンタン,"再,舟",タンタンタタタンタンタンタ
2,タンタンタンタタタンタンタン,"気,有",タンタンタンタタタンタンタ
3,タンタタンタンタンタタンタン,"各,多,名",タンタタンタンタンタタンタ
5,タンタンタタンタンタンタタン,"宇,死,充,宅,列",タンタンタタンタンタンタタ
17,タンタンタンタンタンタンタン,"位,形,攻,佐,作,似,寿,住,床,状,辛,杉,走,体,伴,来,弄",タンタンタンタンタンタンタ
1,タタンタンタンタタタンタンタン,ぼ,タタンタンタンタタタンタンタン
1,タタンタンタンタタンタンタタン,妃,タタンタンタンタタンタンタタ
1,タタンタンタンタンタタタタタン,近,タタンタンタンタンタタタタタ
1,タタンタンタンタンタタタンタン,劣,タタンタンタンタンタタタンタ
1,タンタタタンタンタタンタンタン,旬,タンタタタンタンタタンタンタ
1,タンタタタンタンタンタタンタン,同,タンタタタンタンタンタタンタ
1,タンタタンタンタタタンタンタン,扱,タンタタンタンタタタンタンタ
1,タンタンタタタンタタンタンタン,成,タンタンタタタンタタンタンタ
1,タンタンタタンタタタンタンタン,毎,タンタンタタンタタタンタンタ
1,タンタンタタンタンタタタンタン,汎,タンタンタタンタンタタタンタ
1,タンタンタンタタタンタンタタン,地,タンタンタンタタタンタンタタ
2,タンタタンタタンタンタンタタン,"色,争",タンタタンタタンタンタンタタ
2,タンタンタンタンタンタタタタン,"朽,考",タンタンタンタンタンタタタタ
2,タタンタンタンタンタンタンタン,"妊,妖",タタンタンタンタンタンタンタ
3,タンタンタタタンタンタタンタン,"向,低,両",タンタンタタタンタンタタンタ
4,タンタンタンタンタタタタンタン,"孝,存,廷,邦",タンタンタンタンタタタタンタ
4,タンタンタンタンタンタンタタン,"医,花,判,利",タンタンタンタンタンタンタタ
5,タンタンタンタタンタンタンタン,"快,伸,臣,声,但",タンタンタンタタンタンタンタ
7,タンタンタタンタンタンタンタン,"亜,更,車,束,汰,豆,沃",タンタンタタンタンタンタンタ
14,タンタタンタンタンタンタンタン,"貝,求,狂,社,条,足,炭,呈,扶,戻,里,図,囲,困",タンタタンタンタンタンタンタ
11,タンタンタンタンタタンタンタン,"応,戒,志,芯,析,赤,妥,売,伯,忘,余",タンタンタンタンタタンタンタ
11,タンタンタンタンタンタタンタン,"芸,言,告,材,坂,私,村,対,谷,麦,否",タンタンタンタンタンタタンタ
1,タタタタンタタンタンタンタンタン,孤,タタタタンタタンタンタンタンタ
1,タタタタンタンタンタンタタンタン,阪,タタタタンタンタンタンタタンタ
1,タタタンタンタンタンタタタタタン,迅,タタタンタンタンタンタタタタタ
1,タタンタンタタンタンタンタンタン,改,タタンタンタタンタンタンタンタ
1,タタンタンタンタタンタタンタタン,尿,タタンタンタンタタンタタンタタ
1,タタンタンタンタタンタンタンタン,妙,タタンタンタンタタンタンタンタ
1,タタンタンタンタンタンタンタタン,尾,タタンタンタンタンタンタンタタ
1,タンタタタンタンタンタタタンタン,帆,タンタタタンタンタンタタタンタ
1,タンタタタンタンタンタンタタタン,肌,タンタタタンタンタンタンタタタ
1,タンタタタンタンタンタンタンタン,肝,タンタタタンタンタンタンタンタ
1,タンタタンタタンタンタンタンタン,系,タンタタンタタンタンタンタンタ
1,タンタタンタンタンタタタタンタン,吸,タンタタンタンタンタタタタンタ
1,タンタタンタンタンタタタンタタン,危,タンタタンタンタンタタタンタタ
1,タンタンタタタンタンタンタンタン,身,タンタンタタタンタンタンタンタ
1,タンタンタタンタタタンタンタタン,池,タンタンタタンタタタンタンタタ
1,タンタンタタンタンタンタタタタン,汚,タンタンタタンタンタンタタタタ
1,タンタンタンタタンタンタタンタン,含,タンタンタンタタンタンタタンタ
1,タンタンタンタタンタンタンタタン,克,タンタンタンタタンタンタンタタ
1,タンタンタンタンタンタンタタタン,坑,タンタンタンタンタンタンタタタ
2,タタタンタンタンタタタンタンタン,"羽,卵",タタタンタンタンタタタンタンタ
2,タタンタンタンタンタンタタンタン,"岳,君",タタンタンタンタンタンタタンタ
2,タンタタンタンタタンタンタンタン,"抄,択",タンタタンタンタタンタンタンタ
2,タンタンタタンタンタタンタンタン,"沖,我",タンタンタタンタンタタンタンタ
2,タンタンタタンタンタンタンタタン,"完,児",タンタンタタンタンタンタンタタ
2,タンタンタンタンタタタンタンタン,"均,肖",タンタンタンタンタタタンタンタ
3,タンタタンタンタンタンタンタタン,"吟,見,町",タンタタンタンタンタンタンタタ
3,タンタンタタンタタンタンタンタン,"決,沙,沢",タンタンタタンタタンタンタンタ
3,タンタンタンタンタタンタンタタン,"壱,何,乱",タンタンタンタンタタンタンタタ
3,タンタンタンタンタンタタタンタン,"希,芳,坊",タンタンタンタンタンタタタンタ
5,タンタタンタンタンタタンタンタン,"祈,串,所,吹,良",タンタタンタンタンタタンタンタ
5,タンタタンタンタンタンタタンタン,"岐,技,抜,冷,呂",タンタタンタンタンタンタタンタ
22,タンタンタンタンタンタンタンタン,"炎,往,佳,供,金,幸,垂,征,性,斉,卒,坪,杯,非,併,並,奉,牧,奔,枚,林,采",タンタンタンタンタンタンタンタ
1,タタタタンタンタンタタンタンタタン,階,タタタタンタンタンタタンタンタタ
1,タタタタンタンタンタンタタタンタン,防,タタタタンタンタンタンタタタンタ
1,タタタタンタンタンタンタタンタタン,承,タタタタンタンタンタンタタンタタ
1,タタタンタンタンタンタタタタンタン,那,タタタンタンタンタンタタタタンタ
1,タタタンタンタンタンタタンタンタン,忍,タタタンタンタンタンタタンタンタ
1,タタンタタンタタンタンタタタタタン,巡,タタンタタンタタンタンタタタタタ
1,タタンタタンタタンタンタンタンタン,災,タタンタタンタタンタンタンタンタ
1,タタンタンタタタンタンタタタンタン,励,タタンタンタタタンタンタタタンタ
1,タタンタンタタンタンタタンタンタン,忌,タタンタンタタンタンタタンタンタ
1,タタンタンタンタンタンタタタンタン,妨,タタンタンタンタンタンタタタンタ
1,タンタタタンタンタンタンタタンタン,肘,タンタタタンタンタンタンタタンタ
1,タンタタンタタンタンタンタタンタン,冶,タンタタンタタンタンタンタタンタ
1,タンタタンタンタタタンタタタンタン,抑,タンタタンタンタタタンタタタンタ
1,タンタタンタンタタンタンタンタタン,把,タンタタンタンタタンタンタンタタ
1,タンタタンタンタンタタンタンタタン,批,タンタタンタンタンタタンタンタタ
1,タンタタンタンタンタンタタタタタン,遍,タンタタンタンタンタンタタタタタ
1,タンタタンタンタンタンタンタタタン,抗,タンタタンタンタンタンタンタタタ
1,タンタンタタタンタンタンタタンタン,伺,タンタンタタタンタンタンタタンタ
1,タンタンタタンタタンタタンタンタン,派,タンタンタタンタタンタタンタンタ
1,タンタンタタンタンタタンタンタタン,沈,タンタンタタンタンタタンタンタタ
1,タンタンタタンタンタンタタタタタン,返,タンタンタタンタンタンタタタタタ
1,タンタンタンタタタンタンタタンタン,底,タンタンタンタタタンタンタタンタ
1,タンタンタンタタンタンタタタンタン,却,タンタンタンタタンタンタタタンタ
1,タンタンタンタタンタンタタンタタン,序,タンタンタンタタンタンタタンタタ
1,タンタンタンタンタタタンタタンタン,役,タンタンタンタンタタタンタタンタ
1,タンタンタンタンタタンタタタンタン,労,タンタンタンタンタタンタタタンタ
2,タンタタンタンタタタンタンタンタン,"角,呉",タンタタンタンタタタンタンタンタ
2,タンタンタタンタンタンタタタンタン,"写,窃",タンタンタタンタンタンタタタンタ
2,タンタンタタンタンタンタンタタタン,"汽,究",タンタンタタンタンタンタンタタタ
2,タンタンタンタンタンタタタタンタン,"延,季",タンタンタンタンタンタタタタンタ
3,タタンタンタンタンタンタンタンタン,"参,姓,妹",タタンタンタンタンタンタンタンタ
3,タンタタンタンタンタンタタタンタン,"初,助,男",タンタタンタンタンタンタタタンタ
3,タンタンタンタンタンタンタンタタン,"玩,枢,刹",タンタンタンタンタンタンタンタタ
4,タンタンタンタタンタンタンタンタン,"怪,径,茎,卓",タンタンタンタタンタンタンタンタ
6,タンタンタンタンタタンタンタンタン,"英,価,使,苗,歩,盲",タンタンタンタンタタンタンタンタ
8,タンタンタタンタンタンタンタンタン,"泣,実,注,定,東,突,宝,空",タンタンタタンタンタンタンタンタ
12,タンタタンタンタンタンタンタンタン,"旺,果,岸,具,祉,昇,典,拝,抹,味,拉,国",タンタタンタンタンタンタンタンタ
10,タンタンタンタンタンタタンタンタン,"依,委,者,炊,昔,長,奈,表,茂,炉",タンタンタンタンタンタタンタンタ
14,タンタンタンタンタンタンタタンタン,"芽,苦,枝,侍,舎,若,取,松,知,店,板,府,武,和",タンタンタンタンタンタンタタンタ
1,タタタタンタンタンタタンタンタンタン,阻,タタタタンタンタンタタンタンタンタ
1,タタタタンタンタンタンタンタタンタン,附,タタタタンタンタンタンタンタタンタ
1,タタタンタタタンタンタンタタタタタン,迎,タタタンタタタンタンタンタタタタタ
1,タタタンタンタタンタンタタタタンタン,邸,タタタンタンタタンタンタタタタンタ
1,タタンタンタンタタタンタンタタンタン,局,タタンタンタンタタタンタンタタンタ
1,タンタタンタンタタタンタンタタンタン,抵,タンタタンタンタタタンタンタタンタ
1,タンタタンタンタタタンタンタンタタン,別,タンタタンタンタタタンタンタンタタ
1,タンタタンタンタンタタタンタタンタン,投,タンタタンタンタンタタタンタタンタ
1,タンタンタタンタンタタタタンタンタン,弟,タンタンタタンタンタタタタンタンタ
1,タンタンタタンタンタタタンタタンタン,没,タンタンタタンタンタタタンタタンタ
1,タンタンタタンタンタンタンタンタタン,刻,タンタンタタンタンタンタンタンタタ
1,タンタンタンタタタンタンタンタンタン,点,タンタンタンタタタンタンタンタンタ
1,タンタンタンタンタタタタンタンタタン,乳,タンタンタンタンタタタタンタンタタ
1,タンタンタンタンタタンタタタタンタン,学,タンタンタンタンタタンタタタタンタ
1,タンタンタンタンタタンタンタタンタン,彼,タンタンタンタンタタンタンタタンタ
1,タンタンタンタンタタンタンタンタタン,例,タンタンタンタンタタンタンタンタタ
1,タンタンタンタンタンタタタタタンタン,秀,タンタンタンタンタンタタタタタンタ
1,タンタンタンタンタンタタンタタンタン,受,タンタンタンタンタンタタンタタンタ
2,タタンタンタンタタンタンタタタンタン,"即,努",タタンタンタンタタンタンタタタンタ
2,タタンタンタンタンタタンタンタンタン,"盾,届",タタンタンタンタンタタンタンタンタ
2,タタンタンタンタンタンタンタタンタン,"居,妬",タタンタンタンタンタンタンタタンタ
2,タンタタンタンタンタンタンタンタタン,"呼,到",タンタタンタンタンタンタンタンタタ
2,タンタンタタタンタンタンタンタンタン,"雨,放",タンタンタタタンタンタンタンタンタ
2,タンタンタンタタンタンタタタタンタン,"享,邪",タンタンタンタタンタンタタタタンタ
2,タンタンタンタタンタンタンタタンタン,"叔,版",タンタンタンタタンタンタンタタンタ
2,タンタンタンタタンタンタンタンタタン,"虎,直",タンタンタンタタンタンタンタンタタ
2,タンタンタンタンタンタンタタタタタン,"述,迭",タンタンタンタンタンタンタタタタタ
3,タンタタンタンタンタンタンタタンタン,"拡,岩,拓",タンタタンタンタンタンタンタタンタ
3,タンタンタタンタンタタンタンタンタン,"宜,宙,油",タンタンタタンタンタタンタンタンタ
3,タンタンタタンタンタンタタンタンタン,"宗,泊,泌",タンタンタタンタンタンタタンタンタ
3,タンタンタタンタンタンタンタタンタン,"沿,画,法",タンタンタタンタンタンタンタタンタ
3,タンタンタンタタンタンタタンタンタン,"欧,京,念",タンタンタンタタンタンタタンタンタ
4,タンタンタンタンタンタタタンタンタン,"肯,青,物,枠",タンタンタンタンタンタタタンタンタ
3,タンタンタンタンタンタタンタンタタン,"苛,奇,枕",タンタンタンタンタンタタンタンタタ
3,タンタンタンタンタンタンタタタンタン,"券,効,怖",タンタンタンタンタンタンタタタンタ
5,タンタタンタンタンタンタタンタンタン,"拒,妻,忠,拍,固",タンタタンタンタンタンタタンタンタ
5,タンタタンタンタンタタンタンタンタン,"押,狙,担,抽,岬",タンタタンタンタンタタンタンタンタ
13,タンタンタンタンタンタンタンタンタン,"科,秋,乗,政,牲,奏,荘,茶,柱,珍,赴,美,某",タンタンタンタンタンタンタンタンタ
1,タタンタタンタンタンタンタンタタンタン,糾,タタンタタンタンタンタンタンタタンタ
1,タタンタンタンタタンタンタンタタンタン,始,タタンタンタンタタンタンタンタタンタ
1,タタンタンタンタンタタンタンタタンタン,屈,タタンタンタンタンタタンタンタタンタ
1,タタンタンタンタンタンタンタタタンタン,姉,タタンタンタンタンタンタンタタタンタ
1,タンタタンタンタタンタンタンタンタタン,免,タンタタンタンタタンタンタンタンタタ
1,タンタタンタンタンタタンタンタンタタン,呪,タンタタンタンタンタタンタンタンタタ
1,タンタタンタンタンタンタタンタンタタン,昆,タンタタンタンタンタンタタンタンタタ
1,タンタタンタンタンタンタンタタタンタン,房,タンタタンタンタンタンタンタタタンタ
1,タンタンタタタンタンタンタンタンタタン,刺,タンタンタタタンタンタンタンタンタタ
1,タンタンタタンタタンタンタンタタンタン,治,タンタンタタンタタンタンタンタタンタ
1,タンタンタタンタタンタンタンタンタタン,泥,タンタンタタンタタンタンタンタンタタ
1,タンタンタタンタンタタタンタタンタタン,泳,タンタンタタンタンタタタンタタンタタ
1,タンタンタタンタンタタンタタタンタタン,宛,タンタンタタンタンタタンタタタンタタ
1,タンタンタタンタンタンタタタンタンタン,育,タンタンタタンタンタンタタタンタンタ
1,タンタンタタンタンタンタタンタタンタン,泉,タンタンタタンタンタンタタンタタンタ
1,タンタンタタンタンタンタタンタンタタン,河,タンタンタタンタンタンタタンタンタタ
1,タンタンタタンタンタンタンタタタタタン,迫,タンタンタタンタンタンタンタタタタタ
1,タンタンタンタンタタタンタンタタンタン,尚,タンタンタンタンタタタンタンタタンタ
1,タンタンタンタンタタタンタンタンタタン,制,タンタンタンタンタタタンタンタンタタ
1,タンタンタンタンタンタンタタタタンタン,郊,タンタンタンタンタンタンタタタタンタ
2,タンタタンタンタンタタンタンタタンタン,"拙,披",タンタタンタンタンタタンタンタタンタ
2,タンタンタタンタンタタンタンタタンタン,"官,波",タンタンタタンタンタタンタンタタンタ
2,タンタンタタンタンタタンタンタンタタン,"況,事",タンタンタタンタンタタンタンタンタタ
2,タンタンタタンタンタンタンタタタンタン,"劾,的",タンタンタタンタンタンタンタタタンタ
2,タンタンタンタンタタンタタタンタンタン,"毒,侮",タンタンタンタンタタンタタタンタンタ
2,タンタンタンタンタタンタンタタタンタン,"栃,命",タンタンタンタンタタンタンタタタンタ
3,タンタタタンタンタンタンタンタタンタン,"岡,肢,周",タンタタタンタンタンタンタンタタンタ
3,タンタンタンタンタンタンタンタンタタン,"桁,荒,甚",タンタンタンタンタンタンタンタンタタ
4,タンタタンタンタンタンタタタンタンタン,"易,肩,明,門",タンタタンタンタンタンタタタンタンタ
4,タンタンタンタンタンタンタタンタンタン,"音,香,春,夜",タンタンタンタンタンタンタタンタンタ
5,タンタンタンタンタタンタンタンタンタン,"栄,契,草,単,便",タンタンタンタンタタンタンタンタンタ
6,タンタンタタンタンタンタンタンタンタン,"侯,洪,皇,臭,卑,洋",タンタンタタンタンタンタンタンタンタ
6,タンタンタンタンタンタンタンタタンタン,"枯,信,俗,待,度,封",タンタンタンタンタンタンタンタタンタ
9,タンタンタンタタンタンタンタンタンタン,"研,故,重,促,貞,保,面,律,厘",タンタンタンタタンタンタンタンタンタ
11,タンタタンタンタンタンタンタンタンタン,"界,峡,挟,狭,咲,昨,是,星,峠,虹,昧",タンタタンタンタンタンタンタンタンタ
12,タンタンタンタンタンタタンタンタンタン,"垣,革,看,型,計,恒,査,首,相,畑,秒,訃",タンタンタンタンタンタタンタンタンタ
1,タタンタタンタンタンタンタンタンタンタン,紅,タタンタタンタンタンタンタンタンタンタ
1,タタンタンタンタンタタタンタンタンタタン,刷,タタンタンタンタンタタタンタンタンタタ
1,タタンタンタンタンタンタタタンタタンタン,段,タタンタンタンタンタンタタタンタタンタ
1,タタンタンタンタンタンタンタタタタンタン,建,タタンタンタンタンタンタンタタタタンタ
1,タタンタンタンタンタンタンタンタンタタン,発,タタンタンタンタンタンタンタンタンタタ
1,タンタタタンタンタンタタンタンタンタタン,肥,タンタタタンタンタンタタンタンタンタタ
1,タンタタタンタンタンタンタンタタタンタン,肪,タンタタタンタンタンタンタンタタタンタ
1,タンタタンタンタタタンタンタンタタンタン,招,タンタタンタンタタタンタンタンタタンタ
1,タンタタンタンタタンタンタンタンタンタン,負,タンタタンタンタタンタンタンタンタンタ
1,タンタタンタンタンタタンタンタタタンタン,拐,タンタタンタンタンタタンタンタタタンタ
1,タンタンタタンタタタンタンタンタタンタン,沼,タンタンタタンタタタンタンタンタタンタ
1,タンタンタタンタンタタンタンタンタンタン,室,タンタンタタンタンタタンタンタンタンタ
1,タンタンタタンタンタンタタンタンタンタン,宣,タンタンタタンタンタンタタンタンタンタ
1,タンタンタタンタンタンタンタンタンタタン,洗,タンタンタタンタンタンタンタンタンタタ
1,タンタンタンタタタンタンタンタンタンタン,南,タンタンタンタタタンタンタンタンタンタ
1,タンタンタンタタンタタンタンタンタンタン,係,タンタンタンタタンタタンタンタンタンタ
1,タンタンタンタタンタンタタタンタタンタン,殴,タンタンタンタタンタンタタタンタタンタ
1,タンタンタンタタンタンタタンタンタンタン,砂,タンタンタンタタンタンタタンタンタンタ
1,タンタンタンタタンタンタンタタタタンタン,厚,タンタンタンタタンタンタンタタタタンタ
1,タンタンタンタタンタンタンタンタンタタン,虐,タンタンタンタタンタンタンタンタンタタ
1,タンタンタンタンタタタンタンタタタンタン,柳,タンタンタンタンタタタンタンタタタンタ
1,タンタンタンタンタタタンタンタンタンタン,染,タンタンタンタンタタタンタンタンタンタ
1,タンタンタンタンタタンタンタタンタンタン,茨,タンタンタンタンタタンタンタタンタンタ
1,タンタンタンタンタタンタンタンタタンタン,叙,タンタンタンタンタタンタンタンタタンタ
1,タンタンタンタンタンタタタンタンタンタン,柵,タンタンタンタンタンタタタンタンタンタ
1,タンタンタンタンタンタタンタンタンタタン,訂,タンタンタンタンタンタタンタンタンタタ
1,タンタンタンタンタンタンタタタンタンタン,柄,タンタンタンタンタンタンタタタンタンタ
1,タンタンタンタンタンタンタタンタンタタン,巻,タンタンタンタンタンタンタタンタンタタ
2,タタンタンタンタンタタンタンタンタンタン,"姻,屋",タタンタンタンタンタタンタンタンタンタ
2,タンタタンタンタンタタタンタンタタンタン,"拠,拘",タンタタンタンタンタタタンタンタタンタ
2,タンタタンタンタンタンタンタタンタンタン,"畏,思",タンタタンタンタンタンタンタタンタンタ
2,タンタタンタンタンタンタンタンタンタタン,"則,挑",タンタタンタンタンタンタンタンタンタタ
2,タンタンタタンタタンタンタンタンタンタン,"津,浜",タンタンタタンタタンタンタンタンタンタ
2,タンタンタタンタンタンタンタタンタンタン,"浅,要",タンタンタタンタンタンタンタタンタンタ
2,タンタンタンタタンタンタンタンタタンタン,"変,侶",タンタンタンタタンタンタンタンタタンタ
2,タンタンタンタンタンタンタンタタタタタン,"送,迷",タンタンタンタンタンタンタンタタタタタ
2,タンタンタンタンタンタンタンタタタンタン,"卸,柿",タンタンタンタンタンタンタンタタタンタ
3,タタンタンタンタンタンタタンタンタンタン,"省,昼,眉",タタンタンタンタンタンタタンタンタンタ
3,タンタタンタンタンタタンタンタンタンタン,"咽,軍,独",タンタタンタンタンタタンタンタンタンタ
3,タンタンタタンタンタンタンタンタタンタン,"活,俊,専",タンタンタタンタンタンタンタンタタンタ
4,タンタタンタンタンタンタンタンタタンタン,"括,持,拾,拭",タンタタンタンタンタンタンタンタタンタ
5,タンタタンタンタンタンタタンタンタンタン,"映,県,神,祖,冒",タンタタンタンタンタンタタンタンタンタ
5,タンタンタンタタンタンタンタタンタンタン,"哀,威,恨,姿,食",タンタンタンタタンタンタンタタンタンタ
21,タンタンタンタンタンタンタンタンタンタン,"華,株,釜,校,耕,差,座,疾,珠,修,症,笑,針,栓,秩,徒,俳,班,俸,料,従",タンタンタンタンタンタンタンタンタンタ
1,タタタタンタンタタンタンタンタタンタンタン,限,タタタタンタンタタンタンタンタタンタンタ
1,タタタンタンタンタタンタンタンタンタンタン,架,タタタンタンタンタタンタンタンタンタンタ
1,タタンタンタタタタンタタンタンタンタンタン,弧,タタンタンタタタタンタタンタンタンタンタ
1,タタンタンタタタタンタンタンタタンタンタン,弥,タタンタンタタタタンタンタンタタンタンタ
1,タタンタンタタンタタンタンタンタンタンタン,柔,タタンタンタタンタタンタンタンタンタンタ
1,タンタタタンタンタンタタタンタンタタンタン,服,タンタタタンタンタンタタタンタンタタンタ
1,タンタタタンタンタンタンタタタンタタンタン,股,タンタタタンタンタンタンタタタンタタンタ
1,タンタタタンタンタンタンタタンタンタンタン,胆,タンタタタンタンタンタンタタンタンタンタ
1,タンタタンタタンタンタンタンタタンタンタン,急,タンタタンタタンタンタンタンタタンタンタ
1,タンタタンタンタタンタンタンタタンタンタン,皆,タンタタンタンタタンタンタンタタンタンタ
1,タンタタンタンタタンタンタンタンタタンタン,哲,タンタタンタンタタンタンタンタンタタンタ
1,タンタタンタンタンタタタンタタンタンタタン,抱,タンタタンタンタンタタタンタタンタンタタ
1,タンタタンタンタンタタンタンタタタタンタン,郎,タンタタンタンタンタタンタンタタタタンタ
1,タンタタンタンタンタタンタンタタンタンタン,指,タンタタンタンタンタタンタンタタンタンタ
1,タンタタンタンタンタタンタンタンタタンタン,品,タンタタンタンタンタタンタンタンタタンタ
1,タンタタンタンタンタンタタンタンタンタタン,祝,タンタタンタンタンタンタタンタンタンタタ
1,タンタタンタンタンタンタンタタタンタンタン,胃,タンタタンタンタンタンタンタタタンタンタ
1,タンタンタタタンタンタンタタンタンタンタン,盆,タンタンタタタンタンタンタタンタンタンタ
1,タンタンタタンタタンタンタタタタンタンタン,沸,タンタンタタンタタンタンタタタタンタンタ
1,タンタンタタンタンタタタンタタンタンタタン,泡,タンタンタタンタンタタタンタタンタンタタ
1,タンタンタタンタンタタンタンタンタタンタン,客,タンタンタタンタンタタンタンタンタタンタ
1,タンタンタタンタンタンタタンタンタンタタン,家,タンタンタタンタンタンタタンタンタンタタ
1,タンタンタタンタンタンタンタタンタタンタン,侵,タンタンタタンタンタンタンタタンタタンタ
1,タンタンタタンタンタンタンタンタタタンタン,勅,タンタンタタンタンタンタンタンタタタンタ
1,タンタンタタンタンタンタンタンタンタタタン,軌,タンタンタタンタンタンタンタンタンタタタ
1,タンタンタンタタタンタンタンタンタタンタン,耐,タンタンタンタタタンタンタンタンタタンタ
1,タンタンタンタタンタタンタンタンタタンタン,後,タンタンタンタタンタタンタンタンタタンタ
1,タンタンタンタタンタンタンタタタンタンタン,砕,タンタンタンタタンタンタンタタタンタンタ
1,タンタンタンタタンタンタンタタンタンタタン,亭,タンタンタンタタンタンタンタタンタンタタ
1,タンタンタンタタンタンタンタンタタタタタン,逆,タンタンタンタタンタンタンタンタタタタタ
1,タンタンタンタンタタンタンタタタンタンタン,背,タンタンタンタンタタンタンタタタンタンタ
1,タンタンタンタンタタンタンタンタタタンタン,席,タンタンタンタンタタンタンタンタタタンタ
1,タンタンタンタンタンタタタンタタンタンタン,城,タンタンタンタンタンタタタンタタンタンタ
1,タンタンタンタンタンタタンタタタンタンタン,悔,タンタンタンタンタンタタンタタタンタンタ
1,タンタンタンタンタンタタンタンタタタタタン,逃,タンタンタンタンタンタタンタンタタタタタ
1,タンタンタンタンタンタタンタンタタタンタン,帝,タンタンタンタンタンタタンタンタタタンタ
1,タンタンタンタンタンタンタタタンタタンタン,疫,タンタンタンタンタンタンタタタンタタンタ
1,タンタンタンタンタンタンタンタタタタンタン,庭,タンタンタンタンタンタンタンタタタタンタ
2,タタンタンタンタタンタンタンタタンタンタン,"怠,怒",タタンタンタンタタンタンタンタタンタンタ
2,タンタタタンタンタンタタンタンタンタンタン,"風,脈",タンタタタンタンタンタタンタンタンタンタ
2,タンタタンタンタンタンタタンタンタタンタン,"冠,狩",タンタタンタンタンタンタタンタンタタンタ
2,タンタンタンタンタタタンタンタンタンタタン,"削,前",タンタンタンタンタタタンタンタンタンタタ
2,タンタンタンタンタタンタンタンタンタンタン,"貢,埋",タンタンタンタンタタンタンタンタンタンタ
3,タンタンタンタタンタンタンタンタンタンタン,"兼,候,真",タンタンタンタタンタンタンタンタンタンタ
4,タンタンタタンタンタンタンタンタンタンタン,"渓,軒,宰,殊",タンタンタタンタンタンタンタンタンタンタ
4,タンタンタンタンタンタタンタンタンタンタン,"訓,庫,蚕,泰",タンタンタンタンタンタタンタンタンタンタ
5,タンタンタンタンタンタンタンタンタタンタン,"将,特,悩,倍,隻",タンタンタンタンタンタンタンタンタタンタ
5,タンタンタンタンタンタンタタンタンタンタン,"益,核,恭,倹,租",タンタンタンタンタンタンタタンタンタンタ
5,タンタンタンタンタンタンタンタンタンタタン,"挙,拳,剤,桃,耗",タンタンタンタンタンタンタンタンタンタタ
6,タンタタンタンタンタンタンタンタンタンタン,"蚊,挫,准,祥,致,畔",タンタタンタンタンタンタンタンタンタンタ
9,タンタンタンタンタンタンタンタタンタンタン,"栽,桜,桟,借,徐,称,恥,秘,俵",タンタンタンタンタンタンタンタタンタンタ
1,タタタタンタンタンタタンタンタンタンタンタン,降,タタタタンタンタンタタンタンタンタンタンタ
1,タタタタンタンタンタンタタンタンタンタンタン,陣,タタタタンタンタンタンタタンタンタンタンタ
1,タタタタンタンタンタンタンタンタタンタンタン,除,タタタタンタンタンタンタンタンタタンタンタ
1,タタタンタンタンタンタンタンタタタンタンタン,飛,タタタンタンタンタンタンタンタタタンタンタ
1,タタンタタンタンタンタンタンタタンタンタタン,紀,タタンタタンタンタンタンタンタタンタンタタ
1,タタンタタンタンタンタンタンタンタタタンタン,約,タタンタタンタンタンタンタンタンタタタンタ
1,タタンタタンタンタンタンタンタンタンタンタン,紋,タタンタタンタンタンタンタンタンタンタンタ
1,タタンタンタタタタンタンタンタタンタタンタン,弦,タタンタンタタタタンタンタンタタンタタンタ
1,タタンタンタンタタンタンタンタンタタタタタン,退,タタンタンタンタタンタンタンタンタタタタタ
1,タタンタンタンタタンタンタンタンタタタンタン,勇,タタンタンタンタタンタンタンタンタタタンタ
1,タタンタンタンタンタンタンタタンタンタンタン,姫,タタンタンタンタンタンタンタタンタンタンタ
1,タンタタタンタンタンタタンタンタンタタンタン,胎,タンタタタンタンタンタタンタンタンタタンタ
1,タンタタタンタンタンタンタタンタンタンタタン,豚,タンタタタンタンタンタンタタンタンタンタタ
1,タンタタタンタンタンタンタンタンタタタンタン,肺,タンタタタンタンタンタンタンタンタタタンタ
1,タンタタタンタンタンタンタンタンタンタンタン,朕,タンタタタンタンタンタンタンタンタンタンタ
1,タンタタンタンタタンタンタンタンタタタタタン,逝,タンタタンタンタタンタンタンタンタタタタタ
1,タンタタンタンタンタタタンタンタンタタンタン,昭,タンタタンタンタンタタタンタンタンタタンタ
1,タンタタンタンタンタンタンタンタンタタタタン,拷,タンタタンタンタンタンタンタンタンタタタタ
1,タンタンタタタンタンタタタンタンタタタンタン,協,タンタンタタタンタンタタタンタンタタタンタ
1,タンタンタタタンタンタンタンタンタンタンタン,旅,タンタンタタタンタンタンタンタンタンタンタ
1,タンタンタタンタタンタタタンタンタンタンタン,為,タンタンタタンタタンタタタンタンタンタンタ
1,タンタンタタンタタンタンタンタンタンタンタン,案,タンタンタタンタタンタンタンタンタンタンタ
1,タンタンタタンタンタタタンタンタンタタンタン,洞,タンタンタタンタンタタタンタンタンタタンタ
1,タンタンタタンタンタタンタタンタンタンタタン,浄,タンタンタタンタンタタンタタンタンタンタタ
1,タンタンタタンタンタタンタンタンタタタタタン,追,タンタンタタンタンタタンタンタンタタタタタ
1,タンタンタタンタンタタンタンタンタタタンタン,帥,タンタンタタンタンタタンタンタンタタタンタ
1,タンタンタタンタンタタンタンタンタンタンタン,涙,タンタンタタンタンタタンタンタンタンタンタ
1,タンタンタタンタンタンタタンタタタンタンタン,海,タンタンタタンタンタンタタンタタタンタンタ
1,タンタンタタンタンタンタタンタンタタタタタン,逐,タンタンタタンタンタンタタンタンタタタタタ
1,タンタンタタンタンタンタンタンタタタタンタン,浮,タンタンタタンタンタンタンタンタタタタンタ
1,タンタンタンタタンタタタタンタンタタタンタン,勃,タンタンタンタタンタタタタンタンタタタンタ
1,タンタンタンタタンタンタンタンタンタンタタン,倒,タンタンタンタタンタンタンタンタンタンタタ
1,タンタンタンタンタタタンタンタンタンタンタン,倣,タンタンタンタンタタタンタンタンタンタンタ
1,タンタンタンタンタタンタタンタンタンタンタン,素,タンタンタンタンタタンタタンタンタンタンタ
1,タンタンタンタンタタンタンタンタンタンタタン,剣,タンタンタンタンタタンタンタンタンタンタタ
1,タンタンタンタンタンタタタンタンタンタンタン,馬,タンタンタンタンタンタタタンタンタンタンタ
1,タンタンタンタンタンタンタタタンタンタンタン,倫,タンタンタンタンタンタンタタタンタンタンタ
1,タンタンタンタンタンタンタタンタタンタンタン,断,タンタンタンタンタンタンタタンタタンタンタ
1,タンタンタンタンタンタンタタンタンタタンタン,疲,タンタンタンタンタンタンタタンタンタタンタ
1,タンタンタンタンタンタンタンタンタタタンタン,粉,タンタンタンタンタンタンタンタンタタタンタ
2,タンタタンタンタタンタンタンタンタンタンタン,"挨,冥",タンタタンタンタタンタンタンタンタンタンタ
2,タンタタンタンタンタンタンタタンタンタンタン,"挿,袖",タンタタンタンタンタンタンタタンタンタンタ
2,タンタタンタンタンタンタンタンタンタタンタン,"財,時",タンタタンタンタンタンタンタンタンタタンタ
2,タンタンタタンタンタンタタンタンタンタンタン,"酒,烈",タンタンタタンタンタンタタンタンタンタンタ
2,タンタンタンタンタタンタンタンタタンタンタン,"原,根",タンタンタンタンタタンタンタンタタンタンタ
2,タンタンタンタンタタンタンタンタンタタンタン,"辱,唇",タンタンタンタンタタンタンタンタンタタンタ
2,タンタンタンタンタンタタンタンタンタンタタン,"託,値",タンタンタンタンタンタタンタンタンタンタタ
3,タタンタンタンタンタンタンタンタタンタンタン,"書,娠,展",タタンタンタンタンタンタンタンタタンタンタ
3.5,タンタタンタンタンタンタンタンタタンタンタン,"恩,振,捗 ",タンタタンタンタンタンタンタンタタンタンタ
3,タンタンタタンタンタンタンタンタタンタンタン,"斬,残,息",タンタンタタンタンタンタンタンタタンタンタ
3,タンタンタンタンタンタタンタンタンタタンタン,"格,悟,討",タンタンタンタンタンタタンタンタンタタンタ
3,タンタンタンタンタンタンタンタタタンタンタン,"粋,脊,病",タンタンタンタンタンタンタンタタタンタンタ
3,タンタンタンタンタンタンタンタタンタンタタン,"荷,起,匿",タンタンタンタンタンタンタンタタンタンタタ
4,タンタンタタンタンタンタンタンタンタタンタン,"害,酎,容,浴",タンタンタタンタンタンタンタンタンタタンタ
4,タンタンタンタタンタンタンタンタンタタンタン,"夏,畝,倉,唐",タンタンタンタタンタンタンタンタンタタンタ
4,タンタンタンタンタンタンタタンタンタンタタン,"悦,俺,剖,竜",タンタンタンタンタンタンタタンタンタンタタ
5,タンタタンタンタンタタンタンタンタンタンタン,"員,唄,捉,凍,峰",タンタタンタンタンタタンタンタンタンタンタ
5,タンタンタンタタンタンタンタンタタンタンタン,"個,衰,衷,恋,恣",タンタンタンタタンタンタンタンタタンタンタ
9,タンタンタンタンタンタンタンタンタンタンタン,"基,彩,菜,産,庶,爽,堆,麻,粒",タンタンタンタンタンタンタンタンタンタンタ
1,タタタタンタンタンタタンタタンタンタンタンタン,孫,タタタタンタンタンタタンタタンタンタンタンタ
1,タタタタンタンタンタタンタンタタンタンタンタン,陛,タタタタンタンタンタタンタンタタンタンタンタ
1,タタタタンタンタンタタンタンタンタタンタンタン,陥,タタタタンタンタンタタンタンタンタタンタンタ
1,タタタタンタンタンタンタタンタンタンタンタタン,院,タタタタンタンタンタンタタンタンタンタンタタ
1,タタタタンタンタンタンタンタンタンタンタンタン,陸,タタタタンタンタンタンタンタンタンタンタンタ
1,タタタンタンタタタンタンタンタタンタンタンタン,留,タタタンタンタタタンタンタンタタンタンタンタ
1,タタンタタンタンタタンタタンタンタンタタンタン,幽,タタンタタンタンタタンタタンタンタンタタンタ
1,タタンタタンタンタンタンタンタタタタンタンタン,級,タタンタタンタンタンタンタンタタタタンタンタ
1,タタンタタンタンタンタンタンタタタンタンタタン,紙,タタンタタンタンタンタンタンタタタンタンタタ
1,タタンタンタタンタンタタンタンタンタンタンタン,桑,タタンタンタタンタンタタンタンタンタンタンタ
1,タタンタンタンタンタタタンタンタンタタタタタン,逓,タタンタンタンタンタタタンタンタンタタタタタ
1,タタンタンタンタンタタンタンタンタタンタンタン,娘,タタンタンタンタンタタンタンタンタタンタンタ
1,タタンタンタンタンタンタタンタンタタタタンタン,郡,タタンタンタンタンタンタタンタンタタタタンタ
1,タタンタンタンタンタンタンタンタンタタタタタン,違,タタンタンタンタンタンタンタンタンタタタタタ
1,タタンタンタンタンタンタンタンタンタンタンタン,粛,タタンタンタンタンタンタンタンタンタンタンタ
1,タンタタンタンタタタンタタンタンタタンタンタン,怨,タンタタンタンタタタンタタンタンタタンタンタ
1,タンタタンタンタタンタタンタタンタンタタンタン,拶,タンタタンタンタタンタタンタタンタンタタンタ
1,タンタタンタンタタンタンタンタンタタンタンタン,凄,タンタタンタンタタンタンタンタンタタンタンタ
1,タンタタンタンタタンタンタンタンタンタタンタン,唆,タンタタンタンタタンタンタンタンタンタタンタ
1,タンタタンタンタンタタンタンタンタンタタンタン,捜,タンタタンタンタンタタンタンタンタンタタンタ
1,タンタタンタンタンタンタンタタンタンタタンタン,被,タンタタンタンタンタンタンタタンタンタタンタ
1,タンタンタタタンタンタンタンタタタンタンタタン,施,タンタンタタタンタンタンタンタタタンタンタタ
1,タンタンタタタンタンタンタンタンタンタタンタン,射,タンタンタタタンタンタンタンタンタンタタンタ
1,タンタンタタンタタタンタンタンタンタンタンタン,敏,タンタンタタンタタタンタンタンタンタンタンタ
1,タンタンタタンタタンタンタンタタンタンタンタン,畜,タンタンタタンタタンタンタンタタンタンタンタ
1,タンタンタタンタンタタンタンタンタンタタンタン,宮,タンタンタタンタンタタンタンタンタンタタンタ
1,タンタンタタンタンタンタタタンタンタンタンタン,浦,タンタンタタンタンタンタタタンタンタンタンタ
1,タンタンタタンタンタンタタンタンタンタンタタン,流,タンタンタタンタンタンタタンタンタンタンタタ
1,タンタンタタンタンタンタンタンタタンタタンタン,鬼,タンタンタタンタンタンタンタンタタンタタンタ
1,タンタンタタンタンタンタンタンタタンタンタタン,配,タンタンタタンタンタンタンタンタタンタンタタ
1,タンタンタタンタンタンタンタンタンタタタンタン,酌,タンタンタタンタンタンタンタンタンタタタンタ
1,タンタンタンタタンタタンタタンタンタンタンタン,索,タンタンタンタタンタタンタタンタンタンタンタ
1,タンタンタンタタンタンタンタタンタンタタンタン,破,タンタンタンタタンタンタンタタンタンタタンタ
1,タンタンタンタンタタタタンタンタンタンタンタン,教,タンタンタンタンタタタタンタンタンタンタンタ
1,タンタンタンタンタタタンタンタンタタンタンタン,恐,タンタンタンタンタタタンタンタンタタンタンタ
1,タンタンタンタンタタンタンタタンタンタンタタン,党,タンタンタンタンタタンタンタタンタンタンタタ
1,タンタンタンタンタタンタンタンタンタタタタタン,途,タンタンタンタンタタンタンタンタンタタタタタ
1,タンタンタンタンタンタタンタンタタンタンタタン,記,タンタンタンタンタンタタンタンタタンタンタタ
1,タンタンタンタンタンタタンタンタンタタタタタン,造,タンタンタンタンタンタタンタンタンタタタタタ
1,タンタンタンタンタンタンタタンタタタンタンタン,梅,タンタンタンタンタンタンタタンタタタンタンタ
1,タンタンタンタンタンタンタタンタンタタタンタン,帯,タンタンタンタンタンタンタタンタンタタタンタ
1,タンタンタンタンタンタンタンタタタンタタンタン,殺,タンタンタンタンタンタンタンタタタンタタンタ
1,タンタンタンタンタンタンタンタタンタタタンタン,瓶,タンタンタンタンタンタンタンタタンタタタンタ
1,タンタンタンタンタンタンタンタンタタタタンタン,郵,タンタンタンタンタンタンタンタンタタタタンタ
2,タタンタンタンタタンタンタンタンタンタンタタン,"既,剥",タタンタンタンタタンタンタンタンタンタンタタ
2,タンタタンタンタンタンタタタンタンタンタンタン,"捕,哺",タンタタンタンタンタンタタタンタンタンタンタ
2,タンタンタタンタンタタンタンタンタタンタンタン,"宴,浪",タンタンタタンタンタタンタンタンタタンタンタ
2,タンタンタタンタンタンタンタンタタタンタンタン,"宵,消",タンタンタタンタンタンタンタンタタタンタンタ
2,タンタンタタンタンタンタンタンタンタタタタタン,"速,連",タンタンタタンタンタンタンタンタンタタタタタ
2,タンタンタンタタンタンタンタンタンタンタンタン,"虚,惨",タンタンタンタタンタンタンタンタンタンタンタ
2,タンタンタンタンタンタンタンタンタンタンタタン,"術,剰",タンタンタンタンタンタンタンタンタンタンタタ
3,タンタンタンタンタンタンタンタンタンタタンタン,"粘,培,符",タンタンタンタンタンタンタンタンタンタタンタ
4,タンタンタンタンタンタンタタンタンタンタンタン,"梗,章,悼,梨",タンタンタンタンタンタンタタンタンタンタンタ
5,タンタンタタンタンタンタンタンタンタンタンタン,"淫,涯,済,渋,淡",タンタンタタンタンタンタンタンタンタンタンタ
5,タンタンタンタンタンタンタンタタンタンタンタン,"斎,釈,粗,笛,羞",タンタンタンタンタンタンタンタタンタンタンタ
5,タンタンタンタンタンタンタンタンタタンタンタン,"萎,械,惜,著,悠",タンタンタンタンタンタンタンタンタタンタンタ
6,タンタンタンタンタタンタンタンタンタンタンタン,"菓,菌,赦,斜,巣,惧",タンタンタンタンタタンタンタンタンタンタンタ
6,タンタンタンタンタンタタンタンタンタンタンタン,"黄,球,許,責,偵,理",タンタンタンタンタンタタンタンタンタンタンタ
11,タンタタンタンタンタンタンタンタンタンタンタン,"異,崖,掛,救,黒,採,推,唾,排,敗,唯",タンタタンタンタンタンタンタンタンタンタンタ
1,タタタタンタンタンタタンタンタンタンタンタンタン,隆,タタタタンタンタンタタンタンタンタンタンタンタ
1,タタタタンタンタンタンタタンタンタンタンタンタン,陳,タタタタンタンタンタンタタンタンタンタンタンタ
1,タタタタンタンタンタンタンタンタタンタンタンタン,険,タタタタンタンタンタンタンタンタタンタンタンタ
1,タタンタタンタンタンタンタンタンタタタンタンタン,納,タタンタタンタンタンタンタンタンタタタンタンタ
1,タタンタタンタンタンタンタンタンタタンタンタタン,純,タタンタタンタンタンタンタンタンタタンタンタタ
1,タタンタタンタンタンタンタンタンタンタンタンタン,紺,タタンタタンタンタンタンタンタンタンタンタンタ
1,タタンタンタンタンタタンタンタタタンタンタンタン,娯,タタンタンタンタンタタンタンタタタンタンタンタ
1,タンタタタンタンタンタンタタタンタタンタンタタン,胞,タンタタタンタンタンタンタタタンタタンタンタタ
1,タンタタタンタンタンタンタタンタンタタンタンタン,脂,タンタタタンタンタンタンタタンタンタタンタンタ
1,タンタタタンタンタンタンタンタタンタンタンタタン,剛,タンタタタンタンタンタンタンタタンタンタンタタ
1,タンタタンタンタタンタンタンタンタンタンタンタン,魚,タンタタンタンタタンタンタンタンタンタンタンタ
1,タンタタンタンタンタタンタンタンタタタンタンタン,朗,タンタタンタンタンタタンタンタンタタタンタンタ
1,タンタタンタンタンタタンタンタンタンタンタンタン,探,タンタタンタンタンタタンタンタンタンタンタンタ
1,タンタタンタンタンタンタタンタンタタタンタンタン,骨,タンタタンタンタンタンタタンタンタタタンタンタ
1,タンタタンタンタンタンタタンタンタタンタンタタン,眠,タンタタンタンタンタンタタンタンタタンタンタタ
1,タンタタンタンタンタンタンタンタンタンタンタタン,眺,タンタタンタンタンタンタンタンタンタンタンタタ
1,タンタンタタタンタンタンタンタンタンタンタタタン,航,タンタンタタタンタンタンタンタンタンタンタタタ
1,タンタンタタタンタンタンタンタンタンタンタンタン,族,タンタンタタタンタンタンタンタンタンタンタンタ
1,タンタンタタンタタンタンタンタンタタンタタンタン,浸,タンタンタタンタタンタンタンタンタタンタタンタ
1,タンタンタタンタタンタンタンタンタンタンタンタン,率,タンタンタタンタタンタンタンタンタンタンタンタ
1,タンタンタタンタンタタンタンタンタンタタタンタン,師,タンタンタタンタンタタンタンタンタンタタタンタ
1,タンタンタタンタンタタンタンタンタンタンタンタン,深,タンタンタタンタンタタンタンタンタンタンタンタ
1,タンタンタタンタンタンタタタンタンタタンタンタン,殉,タンタンタタンタンタンタタタンタンタタンタンタ
1,タンタンタタンタンタンタンタタタンタンタタンタン,島,タンタンタタンタンタンタンタタタンタンタタンタ
1,タンタンタタンタンタンタンタタンタンタタタンタン,帰,タンタンタタンタンタンタンタタンタンタタタンタ
1,タンタンタタンタンタンタンタタンタンタンタンタン,窒,タンタンタタンタンタンタンタタンタンタンタンタ
1,タンタンタタンタンタンタンタンタンタタタタンタン,健,タンタンタタンタンタンタンタンタンタタタタンタ
1,タンタンタタンタンタンタンタンタンタンタタンタン,転,タンタンタタンタンタンタンタンタンタンタタンタ
1,タンタンタンタタンタンタンタタタンタンタタンタン,高,タンタンタンタタンタンタンタタタンタンタタンタ
1,タンタンタンタタンタンタンタタンタンタンタタタン,飢,タンタンタンタタンタンタンタタンタンタンタタタ
1,タンタンタンタタンタンタンタタンタンタンタンタン,康,タンタンタンタタンタンタンタタンタンタンタンタ
1,タンタンタンタタンタンタンタンタンタンタンタタン,側,タンタンタンタタンタンタンタンタンタンタンタタ
1,タンタンタンタンタタンタンタンタンタンタタンタン,得,タンタンタンタンタタンタンタンタンタンタタンタ
1,タンタンタンタンタンタタンタンタンタタタタンタン,都,タンタンタンタンタンタタンタンタンタタタタンタ
1,タンタンタンタンタンタタンタンタンタンタタンタン,訟,タンタンタンタンタンタタンタンタンタンタタンタ
1,タンタンタンタンタンタンタタンタンタタタタンタン,部,タンタンタンタンタンタンタタンタンタタタタンタ
1,タンタンタンタンタンタンタタンタンタンタタンタン,移,タンタンタンタンタンタンタタンタンタンタタンタ
1,タンタンタンタンタンタンタンタンタタタンタンタン,情,タンタンタンタンタンタンタンタンタタタンタンタ
1,タンタンタンタンタンタンタンタンタタンタンタタン,埼,タンタンタンタンタンタンタンタンタタンタンタタ
1,タンタンタンタンタンタンタンタンタンタタタタタン,進,タンタンタンタンタンタンタンタンタンタタタタタ
2,タタタタンタンタンタンタンタンタンタンタタンタン,"陪,陵",タタタタンタンタンタンタンタンタンタンタタンタ
2,タタンタタンタンタンタンタンタンタンタタタンタン,"紛,紡",タタンタタンタンタンタンタンタンタンタタタンタ
2,タンタタンタンタンタンタンタンタタンタンタンタン,"猫,描",タンタタンタンタンタンタンタンタタンタンタンタ
2,タンタタンタンタンタンタンタンタンタタンタンタン,"接,措",タンタタンタンタンタンタンタンタンタタンタンタ
2,タンタンタタンタンタンタンタンタタンタンタンタン,"渉,添",タンタンタタンタンタンタンタンタタンタンタンタ
2,タンタンタンタタンタンタタンタンタンタンタンタン,"貨,貪",タンタンタンタタンタンタタンタンタンタンタンタ
2,タンタンタンタタンタンタンタンタタンタンタンタン,"循,盗",タンタンタンタタンタンタンタンタタンタンタンタ
2,タンタンタンタタンタンタンタンタンタタンタンタン,"曽,袋",タンタンタンタタンタンタンタンタンタタンタンタ
2,タンタンタンタンタタタンタンタンタンタンタンタン,"菊,望",タンタンタンタンタタタンタンタンタンタンタンタ
2,タンタンタンタンタタンタンタタンタンタンタンタン,"蛍,堂",タンタンタンタンタタンタンタタンタンタンタンタ
2,タンタンタンタンタンタタンタンタタンタンタンタン,"訴,訳",タンタンタンタンタンタタンタンタタンタンタンタ
2,タンタンタンタンタンタタンタンタンタンタンタタン,"規,現",タンタンタンタンタンタタンタンタンタンタンタタ
2,タンタンタンタンタンタンタンタンタンタタタンタン,"執,釣",タンタンタンタンタンタンタンタンタンタタタンタ
3,タンタタンタンタンタンタタンタンタンタンタンタン,"控,頃,頂",タンタタンタンタンタンタタンタンタンタンタンタ
3,タンタタンタンタンタンタンタンタンタンタタンタン,"啓,捨,販",タンタタンタンタンタンタンタンタンタンタタンタ
4,タンタンタンタンタンタタンタンタンタタンタンタン,"域,痕,戚,欲",タンタンタンタンタンタタンタンタンタタンタンタ
8,タンタンタタンタンタンタンタンタンタタンタンタン,"悪,液,恵,宿,雪,曹,軟,票",タンタンタタンタンタンタンタンタンタタンタンタ
12,タンタンタンタンタンタンタンタンタンタンタンタン,"敢,棋,傘,集,焦,粧,森,椎,斑,米,棒,無",タンタンタンタンタンタンタンタンタンタンタンタ
1,タタタタンタンタンタンタタンタンタタンタンタンタン,阜,タタタタンタンタンタンタタンタンタタンタンタンタ
1,タタタタンタンタンタンタンタタンタンタンタタンタン,陰,タタタタンタンタンタンタンタタンタンタンタタンタ
1,タタタタンタンタンタンタンタンタタンタンタンタタン,隊,タタタタンタンタンタンタンタンタタンタンタンタタ
1,タタタンタンタンタンタンタンタタンタンタンタンタン,疎,タタタンタンタンタンタンタンタタンタンタンタンタ
1,タタンタタンタンタンタンタンタタンタンタンタンタン,経,タタンタタンタンタンタンタンタタンタンタンタンタ
1,タタンタンタンタタタンタンタタンタンタタンタンタン,婚,タタンタンタンタタタンタンタタンタンタタンタンタ
1,タタンタンタンタタタンタンタンタンタタンタンタタン,能,タタンタンタンタタタンタンタンタンタタンタンタタ
1,タタンタンタンタタタンタンタンタンタンタタタタタン,通,タタンタンタンタタタンタンタンタンタンタタタタタ
1,タタンタンタンタンタンタタンタンタンタンタタンタン,尉,タタンタンタンタンタンタタンタンタンタンタタンタ
1,タタンタンタンタンタンタンタンタンタンタンタンタン,媒,タタンタンタンタンタンタンタンタンタンタンタンタ
1,タンタタタンタンタンタンタンタタンタンタンタンタン,彫,タンタタタンタンタンタンタンタタンタンタンタンタ
1,タンタタタンタンタンタンタンタンタンタタンタンタン,帳,タンタタタンタンタンタンタンタンタンタタンタンタ
1,タンタタタンタンタンタンタンタンタンタンタタンタン,脳,タンタタタンタンタンタンタンタンタンタンタタンタ
1,タンタタンタンタタタタンタンタンタタンタンタンタン,猛,タンタタンタンタタタタンタンタンタタンタンタンタ
1,タンタタンタンタタンタンタンタンタタンタタタンタン,勉,タンタタンタンタタンタンタンタンタタンタタタンタ
1,タンタタンタンタタンタンタンタンタンタンタタンタン,据,タンタタンタンタタンタンタンタンタンタンタタンタ
1,タンタタンタンタンタタタンタンタンタタタンタンタン,扇,タンタタンタンタンタタタンタンタンタタタンタンタ
1,タンタタンタンタンタンタタンタタンタンタンタンタン,累,タンタタンタンタンタンタタンタタンタンタンタンタ
1,タンタタンタンタンタンタタンタンタンタンタンタタン,視,タンタタンタンタンタンタタンタンタンタンタンタタ
1,タンタタンタンタンタンタンタタンタンタタンタンタン,捻,タンタタンタンタンタンタンタタンタンタタンタンタ
1,タンタタンタンタンタンタンタタンタンタンタタンタン,略,タンタタンタンタンタンタンタタンタンタンタタンタ
1,タンタタンタンタンタンタンタンタタタンタンタンタン,猟,タンタタンタンタンタンタンタンタタタンタンタンタ
1,タンタタンタンタンタンタンタンタンタタンタタンタン,授,タンタタンタンタンタンタンタンタンタタンタタンタ
1,タンタンタタタンタンタンタタンタンタンタンタンタン,貧,タンタンタタタンタンタンタタンタンタンタンタンタ
1,タンタンタタタンタンタンタンタタンタンタンタンタン,旋,タンタンタタタンタンタンタンタタンタンタンタンタ
1,タンタンタタタンタンタンタンタンタタタンタタンタン,般,タンタンタタタンタンタンタンタンタタタンタタンタ
1,タンタンタタタンタンタンタンタンタンタタンタンタン,舶,タンタンタタタンタンタンタンタンタンタタンタンタ
1,タンタンタタタンタンタンタンタンタンタンタタンタン,船,タンタンタタタンタンタンタンタンタンタンタタンタ
1,タンタンタタンタンタタタンタンタンタタタンタンタン,翁,タンタンタタンタンタタタンタンタンタタタンタンタ
1,タンタンタタンタンタンタタンタンタンタタンタンタン,窓,タンタンタタンタンタンタタンタンタンタタンタンタ
1,タンタンタタンタンタンタタンタンタンタンタタンタン,密,タンタンタタンタンタンタタンタンタンタンタタンタ
1,タンタンタタンタンタンタタンタンタンタンタンタタン,副,タンタンタタンタンタンタタンタンタンタンタンタタ
1,タンタンタタンタンタンタンタタタンタンタンタンタン,鳥,タンタンタタンタンタンタンタタタンタンタンタンタ
1,タンタンタタンタンタンタンタタンタンタタンタンタン,涼,タンタンタタンタンタンタンタタンタンタタンタンタ
1,タンタンタタンタンタンタンタンタンタタンタンタタン,寄,タンタンタタンタンタンタンタンタンタタンタンタタ
1,タンタンタンタタンタンタタタタンタンタタタタンタン,郭,タンタンタンタタンタンタタタタンタンタタタタンタ
1,タンタンタンタタンタンタンタタタンタタンタンタタン,砲,タンタンタンタタンタンタンタタタンタタンタンタタ
1,タンタンタンタタンタンタンタンタタンタンタタンタン,堀,タンタンタンタタンタンタンタンタタンタンタタンタ
1,タンタンタンタタンタンタンタンタタンタンタンタタン,豪,タンタンタンタタンタンタンタンタタンタンタンタタ
1,タンタンタンタタンタンタンタンタンタタンタンタタン,鹿,タンタンタンタタンタンタンタンタンタタンタンタタ
1,タンタンタンタタンタンタンタンタンタンタタタンタン,動,タンタンタンタタンタンタンタンタンタンタタタンタ
1,タンタンタンたタンタンタンタンタンタンタンタタタン,乾,タンタンタンたタンタンタンタンタンタンタンタタタ
1,タンタンタンタタンタンタンタンタンタンタンタンタン,塀,タンタンタンタタンタンタンタンタンタンタンタンタ
1,タンタンタンタンタタンタンタタンタンタタンタンタン,婆,タンタンタンタンタタンタンタタンタンタタンタンタ
1,タンタンタンタンタタンタンタンタタンタンタンタタン,塚,タンタンタンタンタタンタンタンタタンタンタンタタ
1,タンタンタンタンタタンタンタンタンタンタンタンタン,堤,タンタンタンタンタタンタンタンタンタンタンタンタ
1,タンタンタンタンタンタタタンタンタンタンタタンタン,商,タンタンタンタンタンタタタンタンタンタンタタンタ
1,タンタンタンタンタンタタンタンタンタンタタタンタン,訪,タンタンタンタンタンタタンタンタンタンタタタンタ
1,タンタンタンタンタンタンタンタンタタンタタタンタン,勘,タンタンタンタンタンタンタンタンタタンタタタンタ
2,タンタタタンタンタンタンタタタンタンタンタタンタン,"胸,胴",タンタタタンタンタンタンタタタンタンタンタタンタ
2,タンタタンタンタンタンタタンタンタンタタンタンタン,"眼,崇",タンタタンタンタンタンタタンタンタンタタンタンタ
2,タンタタンタンタンタンタンタンタンタタンタンタタン,"崎,蛇",タンタタンタンタンタンタンタンタンタタンタンタタ
2,タンタンタタンタンタンタンタタンタンタンタタンタン,"寂,淑",タンタンタタンタンタンタンタタンタンタンタタンタ
2,タンタンタタンタンタンタンタンタンタタタンタンタン,"酔,清",タンタンタタンタンタンタンタンタンタタタンタンタ
2,タンタンタンタンタンタタンタンタンタタンタンタタン,"停,諧",タンタンタンタンタンタタンタンタンタタンタンタタ
3,タンタンタンタンタンタンタンタンタタンタンタンタン,"検,番,着",タンタンタンタンタンタンタンタンタタンタンタンタ
3,タンタンタンタタンタンタンタンタタタンタンタンタン,"偶,偏,庸",タンタンタンタタンタンタンタンタタタンタンタンタ
3,タンタンタンタンタンタンタンタタンタンタンタンタン,"短,痘,葉",タンタンタンタンタンタンタンタタンタンタンタンタ
4,タタンタタンタンタンタンタンタンタタンタンタンタン,"細,終,紳,組",タタンタタンタンタンタンタンタンタタンタンタンタ
4,タンタタンタンタンタタンタンタンタンタタンタンタン,"患,祭,唱,裂",タンタタンタンタンタタンタンタンタンタタンタンタ
4,タンタタンタンタンタンタンタンタンタンタンタンタン,"雇,然,扉,塁",タンタタンタンタンタンタンタンタンタンタンタンタ
5,タンタンタタンタンタンタンタンタンタンタンタンタン,"奥,寒,衆,酢,雄",タンタンタタンタンタンタンタンタンタンタンタンタ
5,タンタンタンタンタンタタンタンタンタンタンタンタン,"詐,煮,証,診,評",タンタンタンタンタンタタンタンタンタンタンタンタ
5,タンタンタンタンタンタンタンタンタンタタンタンタン,"欺,新,装,替,悲",タンタンタンタンタンタンタンタンタンタタンタンタ
5,タンタンタンタンタンタンタンタンタンタンタタンタン,"歯,善,塔,等,答",タンタンタンタンタンタンタンタンタンタンタタンタ
6,タンタンタンタンタンタンタンタンタンタンタンタタン,"街,堪,琴,慌,焼,痢",タンタンタンタンタンタンタンタンタンタンタンタタ
8,タンタンタンタンタンタンタタンタンタンタンタンタン,"薫,項,順,須,程,棟,童,筆",タンタンタンタンタンタンタタンタンタンタンタンタ
1,タタタタンタンタンタタタンタンタンタンタンタタンタン,陶,タタタタンタンタンタタタンタンタンタンタンタタンタ
1,タタタンタンタンタタタンタンタンタンタンタンタンタン,翌,タタタンタンタンタタタンタンタンタンタンタンタンタ
1,タタンタタンタンタンタンタンタンタンタンタンタンタン,絞,タタンタタンタンタンタンタンタンタンタンタンタンタ
1,タタンタンタンタタンタンタンタンタンタンタタタタタン,逮,タタンタンタンタタンタンタンタンタンタンタタタタタ
1,タタンタンタンタンタンタンタンタタンタンタンタンタン,登,タタンタンタンタンタンタンタンタタンタンタンタンタ
1,タタンタンタンタンタンタンタンタンタンタンタタンタン,媛,タタンタンタンタンタンタンタンタンタンタンタタンタ
1,タンタタタンタンタンタンタンタンタタンタンタンタタン,脱,タンタタタンタンタンタンタンタンタタンタンタンタタ
1,タンタタンタンタタンタンタンタンタタンタンタタンタン,掘,タンタタンタンタタンタンタンタンタタンタンタタンタ
1,タンタタンタンタンタタンタンタンタンタンタンタンタン,提,タンタタンタンタンタタンタンタンタンタンタンタンタ
1,タンタタンタンタンタンタンタンタタンタンタタンタタン,野,タンタタンタンタンタンタンタンタタンタンタタンタタ
1,タンタタンタンタンタンタンタンタタンタンタンタンタン,猶,タンタタンタンタンタンタンタンタタンタンタンタンタ
1,タンタタンタンタンタンタンタンタンタンタンタンタタン,暁,タンタタンタンタンタンタンタンタンタンタンタンタタ
1,タンタンタタタンタタンタンタンタンタタンタンタンタン,盛,タンタンタタタンタタンタンタンタンタタンタンタンタ
1,タンタンタタタンタンタンタンタンタンタタンタタンタン,舷,タンタンタタタンタンタンタンタンタンタタンタタンタ
1,タンタンタタタンタンタンタンタンタンタンタンタンタン,旗,タンタンタタタンタンタンタンタンタンタンタンタンタ
1,タンタンタタンタタンタンタンタンタタンタンタタンタン,窟,タンタンタタンタタンタンタンタンタタンタンタタンタ
1,タンタンタタンタンタタンタンタンタンタタタンタンタン,湯,タンタンタタンタンタタンタンタンタンタタタンタンタ
1,タンタンタタンタンタタンタンタンタンタタンタンタタン,混,タンタンタタンタンタタンタンタンタンタタンタンタタ
1,タンタンタタンタンタタンタンタンタンタンタンタンタン,湿,タンタンタタンタンタタンタンタンタンタンタンタンタ
1,タンタンタタンタンタンタンタンタタンタンタンタンタン,軽,タンタンタタンタンタンタンタンタタンタンタンタンタ
1,タンタンタタンタンタンタンタンタンタタンタンタンタン,軸,タンタンタタンタンタンタンタンタンタタンタンタンタ
1,タンタンタンタタンタンタンタンタンタンタンタンタタン,廃,タンタンタンタタンタンタンタンタンタンタンタンタタ
1,タンタンタンタンタタンタタンタタタンタンタンタンタン,偽,タンタンタンタンタタンタタンタタタンタンタンタンタ
1,タンタンタンタンタタンタンタタンタンタンタタタンタン,常,タンタンタンタンタタンタンタタンタンタンタタタンタ
1,タンタンタンタンタタンタンタンタタンタンタタタタタン,遂,タンタンタンタンタタンタンタンタタンタンタタタタタ
1,タンタンタンタンタタンタンタンタンタンタタンタンタン,博,タンタンタンタンタタンタンタンタンタンタタンタンタ
1,タンタンタンタンタンタタタタタンタンタンタタタタタン,透,タンタンタンタンタンタタタタタンタンタンタタタタタ
1,タンタンタンタンタンタタタンタンタタンタンタタンタン,極,タンタンタンタンタンタタタンタンタタンタンタタンタ
1,タンタンタンタンタンタタタンタンタンタンタンタンタン,散,タンタンタンタンタンタタタンタンタンタンタンタンタ
1,タンタンタンタンタンタタンタンタンタタタンタタンタン,設,タンタンタンタンタンタタンタンタンタタタンタタンタ
1,タンタンタンタンタンタタンタンタンタタンタンタンタン,葬,タンタンタンタンタンタタンタンタンタタンタンタンタ
1,タンタンタンタンタンタタンタンタンタンタタンタンタン,款,タンタンタンタンタンタタンタンタンタンタタンタンタ
1,タンタンタンタンタンタンタタンタンタタタタンタンタン,第,タンタンタンタンタンタンタタンタンタタタタンタンタ
1,タンタンタンタンタンタンタタンタンタンタタンタンタン,裁,タンタンタンタンタンタンタタンタンタンタタンタンタ
1,タンタンタンタンタンタンタンタタンタンタタンタンタン,越,タンタンタンタンタンタンタンタタンタンタタンタンタ
1,タンタンタンタンタンタンタンタタンタンタンタンタタン,植,タンタンタンタンタンタンタンタタンタンタンタンタタ
1,タンタンタンタンタンタンタンタンタタンタンタンタタン,税,タンタンタンタンタンタンタンタンタタンタンタンタタ
1,タンタンタンタンタンタンタンタンタンタンタタタタタン,達,タンタンタンタンタンタンタンタンタンタンタタタタタ
1,タンタンタンタンタンタンタンタンタンタンタタタンタン,御,タンタンタンタンタンタンタンタンタンタンタタタンタ
2,タンタタンタンタタンタンタンタンタタンタンタンタタン,"亀,象",タンタタンタンタタンタンタンタンタタンタンタンタタ
2,タンタタンタンタンタンタタタンタンタンタンタタンタン,"閉,問",タンタタンタンタンタンタタタンタンタンタンタタンタ
2,タンタタンタンタンタンタタンタンタンタンタンタンタン,"喉,搾",タンタタンタンタンタンタタンタンタンタンタンタンタ
2,タンタタンタンタンタンタンタンタンタンタタンタンタン,"距,暑",タンタタンタンタンタンタンタンタンタンタタンタンタ
2,タンタンタタンタンタンタンタンタンタンタンタタンタン,"雲,渡",タンタンタタンタンタンタンタンタンタンタンタタンタ
2,タンタンタンタタンタンタンタタンタンタンタンタンタン,"偉,貸",タンタンタンタタンタンタンタタンタンタンタンタンタ
2,タンタンタンタンタタンタンタンタンタンタンタタンタン,"喜,尊",タンタンタンタンタタンタンタンタンタンタンタタンタ
2,タンタンタンタンタンタンタタンタンタンタンタタンタン,"痩,復",タンタンタンタンタンタンタタンタンタンタンタタンタ
2,タンタンタンタンタンタンタンタンタタタンタンタンタン,"策,備",タンタンタンタンタンタンタンタンタタタンタンタンタ
2,タンタンタンタンタンタンタンタンタンタタタンタンタン,"期,惰",タンタンタンタンタンタンタンタンタンタタタンタンタ
2,タンタンタンタンタンタンタンタンタンタタンタンタタン,"椅,鈍",タンタンタンタンタンタンタンタンタンタタンタンタタ
3,タンタンタンタタンタンタンタンタタンタンタンタンタン,"堅,硬,蛮",タンタンタンタタンタンタンタンタタンタンタンタンタ
4,タンタタンタンタンタンタンタタンタンタンタンタンタン,"貫,貴,買,量",タンタタンタンタンタンタンタタンタンタンタンタンタ
4,タンタンタンタンタンタンタンタンタンタンタンタンタン,"業,稚,鉄,鉢",タンタンタンタンタンタンタンタンタンタンタンタンタ
6,タンタタンタンタンタンタンタンタンタンタンタタンタン,"援,最,貼,搭,裕,揺",タンタタンタンタンタンタンタンタンタンタンタタンタ
1,タタタタンタンタンタンタンタタタンタンタンタンタンタン,堕,タタタタンタンタンタンタンタタタンタンタンタンタンタ
1,タタタンタンタタタンタンタンタタンタンタンタンタンタン,貿,タタタンタンタタタンタンタンタタンタンタンタンタンタ
1,タタタンタンタンタタタンタンタンタンタンタタンタンタン,習,タタタンタンタンタタタンタンタンタンタンタタンタンタ
1,タタンタタンタンタンタンタンタタタンタンタンタタンタン,紹,タタンタタンタンタンタンタンタタタンタンタンタタンタ
1,タタンタンタタタタンタンタンタンタンタンタタンタンタン,張,タタンタンタタタタンタンタンタンタンタンタタンタンタ
1,タタンタンタタンタタンタンタンタンタンタンタタタンタン,務,タタンタンタタンタタンタンタンタンタンタンタタタンタ
1,タタンタンタンタタンタンタンタンタタンタンタタタンタン,婦,タタンタンタンタタンタンタンタンタタンタンタタタンタ
1,タタンタンタンタンタンタンタンタタンタンタンタタンタン,尋,タタンタンタンタンタンタンタンタタンタンタンタタンタ
1,タタンタンタンタンタンタンタンタンタンタンタタタタタン,遅,タタンタンタンタンタンタンタンタンタンタンタタタタタ
1,タタンタンタンタンタンタンタンタンタンタンタンタンタン,嫉,タタンタンタンタンタンタンタンタンタンタンタンタンタ
1,タンタタタンタンタンタンタンタタンタンタンタタタタタン,週,タンタタタンタンタンタンタンタタンタンタンタタタタタ
1,タンタタタンタンタンタンタンタンタタンタンタタタンタン,脚,タンタタタンタンタンタンタンタンタタンタンタタタンタ
1,タンタタンタンタタンタンタンタンタタンタンタタタタタン,逸,タンタタンタンタタンタンタンタンタタンタンタタタタタ
1,タンタタンタンタタンタンタンタンタタンタンタタタンタン,掃,タンタタンタンタタンタンタンタンタタンタンタタタンタ
1,タンタタンタンタタンタンタンタンタタンタンタンタンタン,握,タンタタンタンタタンタンタンタンタタンタンタンタンタ
1,タンタタンタンタンタタタンタンタンタンタタタンタンタン,崩,タンタタンタンタンタタタンタンタンタンタタタンタンタ
1,タンタタンタンタンタタンタンタンタタンタンタンタンタン,揮,タンタタンタンタンタタンタンタンタタンタンタンタンタ
1,タンタタンタンタンタンタタンタンタンタンタタンタンタン,晶,タンタタンタンタンタンタタンタンタンタンタタンタンタ
1,タンタタンタンタンタンタンタタンタンタタンタンタンタン,畳,タンタタンタンタンタンタンタタンタンタタンタンタンタ
1,タンタタンタンタンタンタンタンタタンタンタタンタンタン,景,タンタタンタンタンタンタンタンタタンタンタタンタンタ
1,タンタタンタンタンタンタンタンタンタタンタンタタンタン,圏,タンタタンタンタンタンタンタンタンタタンタンタタンタ
1,タンタタンタンタンタンタンタンタンタンタタタンタンタン,晴,タンタタンタンタンタンタンタンタンタンタタタンタンタ
1,タンタタンタンタンタンタンタンタンタンタタンタンタタン,貯,タンタタンタンタンタンタンタンタンタンタタンタンタタ
1,タンタンタタンタンタタンタンタンタンタタタンタンタタン,渇,タンタンタタンタンタタンタンタンタンタタタンタンタタ
1,タンタンタタンタンタタンタンタンタンタタンタンタンタン,温,タンタンタタンタンタタンタンタンタンタタンタンタンタ
1,タンタンタタンタンタタンタンタンタンタンタンタンタタン,測,タンタンタタンタンタタンタンタンタンタンタンタンタタ
1,タンタンタタンタンタンタタンタンタンタタンタンタンタン,富,タンタンタタンタンタンタタンタンタンタタンタンタンタ
1,タンタンタタンタンタンタタンタンタンタンタタンタンタン,惑,タンタンタタンタンタンタタンタンタンタンタタンタンタ
1,タンタンタタンタンタンタンタンタタンタンタタンタンタン,減,タンタンタタンタンタンタンタンタタンタンタタンタンタ
1,タンタンタタンタンタンタンタンタタンタンタンタンタタン,殖,タンタンタタンタンタンタンタンタタンタンタンタンタタ
1,タンタンタタンタンタンタンタンタンタタンタンタンタタン,割,タンタンタタンタンタンタンタンタンタタンタンタンタタ
1,タンタンタタンタンタンタンタンタンタンタタンタンタタン,港,タンタンタタンタンタンタンタンタンタンタタンタンタタ
1,タンタンタタンタンタンタンタンタンタンタンタタタンタン,雰,タンタンタタンタンタンタンタンタンタンタンタタタンタ
1,タンタンタンタタンタンタタンタンタンタンタンタタンタン,就,タンタンタンタタンタンタタンタンタンタンタンタタンタ
1,タンタンタンタタンタンタンタタンタンタンタンタタンタン,飯,タンタンタンタタンタンタンタタンタンタンタンタタンタ
1,タンタンタンタタンタンタンタンタタンタンタンタンタタン,硫,タンタンタンタタンタンタンタンタタンタンタンタンタタ
1,タンタンタンタタンタンタンタンタンタタンタンタンタタン,創,タンタンタンタタンタンタンタンタンタタンタンタンタタ
1,タンタンタンタンタタタンタンタタンタンタンタンタンタン,敬,タンタンタンタンタタタンタンタタンタンタンタンタンタ
1,タンタンタンタンタタンタンタタンタンタンタンタタンタン,営,タンタンタンタンタタンタンタタンタンタンタンタタンタ
1,タンタンタンタンタタンタンタンタタンタンタタタタンタン,廊,タンタンタンタンタタンタンタンタタンタンタタタタンタ
1,タンタンタンタンタタンタンタンタンタンタタタンタンタン,場,タンタンタンタンタタンタンタンタンタンタタタンタンタ
1,タンタンタンタンタンタタンタタンタタンタンタンタンタン,紫,タンタンタンタンタンタタンタタンタタンタンタンタンタ
1,タンタンタンタンタンタタンタンタタンタンタンタタンタン,落,タンタンタンタンタンタタンタンタタンタンタンタタンタ
1,タンタンタンタンタンタタンタンタンタタタンタタンタタン,詠,タンタンタンタンタンタタンタンタンタタタンタタンタタ
1,タンタンタンタンタンタタンタンタンタタタンタンタンタン,痛,タンタンタンタンタンタタンタンタンタタタンタンタンタ
1,タンタンタンタンタンタタンタンタンタンタタンタタンタン,塊,タンタンタンタンタンタタンタンタンタンタタンタタンタ
1,タンタンタンタンタンタタンタンタンタンタンタタタタタン,道,タンタンタンタンタンタタンタンタンタンタンタタタタタ
1,タンタンタンタンタンタンタタンタンタタンタンタタンタン,棺,タンタンタンタンタンタンタタンタンタタンタンタタンタ
1,タンタンタンタンタンタンタンタタタンタンタンタンタタン,愉,タンタンタンタンタンタンタンタタタンタンタンタンタタ
1,タンタンタンタンタンタンタンタタンタンタンタタタンタン,傍,タンタンタンタンタンタンタンタタンタンタンタタタンタ
1,タンタンタンタンタンタンタンタンタタタンタンタタンタン,報,タンタンタンタンタンタンタンタンタタタンタンタタンタ
1,タンタンタンタンタンタンタンタンタタンタンタンタンタン,奨,タンタンタンタンタンタンタンタンタタンタンタンタンタ
2,タンタタンタンタンタタンタンタタンタンタンタンタンタン,"喚,換",タンタタンタンタンタタンタンタタンタンタンタンタンタ
2,タンタタンタンタンタタンタンタンタンタタタンタンタタン,"喝,掲",タンタタンタンタンタタンタンタンタンタタタンタンタタ
2,タンタタンタンタンタンタタタンタンタンタンタンタンタン,"開,閑",タンタタンタンタンタンタタタンタンタンタンタンタンタ
2,タンタタンタンタンタンタンタンタタタンタンタンタンタン,"喫,補",タンタタンタンタンタンタンタンタタタンタンタンタンタ
2,タンタンタンタタンタンタンタタンタンタンタタンタンタン,"飲,喪",タンタンタンタタンタンタンタタンタンタンタタンタンタ
2,タンタンタンタタンタンタンタンタンタンタタタンタンタン,"硝,朝",タンタンタンタタンタンタンタンタンタンタタタンタンタ
2,タンタンタンタンタタンタンタタンタンタンタンタンタタン,"覚,掌",タンタンタンタンタタンタンタタンタンタンタンタンタタ
2,タンタンタンタンタタンタンタンタンタンタンタタタンタン,"勤,募",タンタンタンタンタタンタンタンタンタンタンタタタンタ
2,タンタンタンタンタタンタンタンタンタンタンタンタンタン,"辞,墓",タンタンタンタンタタンタンタンタンタンタンタンタンタ
2,タンタンタンタンタンタンタンタタタンタンタンタタンタン,"超,筒",タンタンタンタンタンタンタンタタタンタンタンタタンタ
3,タタンタタンタンタンタンタンタンタンタンタンタタンタン,"絵,給,結",タタンタタンタンタンタンタンタンタンタンタンタタンタ
3,タンタンタンタンタンタタンタンタンタンタンタンタンタン,"詳,詮,慄",タンタンタンタンタンタタンタンタンタンタンタンタンタ
3,タンタンタンタンタンタンタンタンタンタンタタンタンタン,"禁,愁,楼",タンタンタンタンタンタンタンタンタンタンタタンタンタ
4,タンタタンタンタンタンタンタンタンタンタンタンタンタン,"罪,睡,摂,睦",タンタタンタンタンタンタンタンタンタンタンタンタンタ
4,タンタンタンタタンタンタンタンタンタンタンタンタンタン,"雅,幹,傑,催",タンタンタンタタンタンタンタンタンタンタンタンタンタ
4,タンタンタンタンタンタンタタンタンタンタンタンタンタン,"煙,慎,数,廉",タンタンタンタンタンタンタタンタンタンタンタンタンタ
5,タンタンタンタンタンタンタンタタンタンタンタンタンタン,"僅,債,聖,賃,煩",タンタンタンタンタンタンタンタタンタンタンタンタンタ
6,タンタンタタンタンタンタンタンタンタンタンタンタンタン,"較,楽,棄,塞,酬,準",タンタンタタンタンタンタンタンタンタンタンタンタンタ
6,タンタンタンタンタンタンタンタンタンタンタンタタンタン,"鉛,碁,鉱,痴,誉,鈴",タンタンタンタンタンタンタンタンタンタンタンタタンタ
1,タタタタンタンタンタタンタンタンタンタタタンタンタンタン,隅,タタタタンタンタンタタンタンタンタンタタタンタンタンタ
1,タタタタンタンタンタタンタンタンタンタンタタタンタンタン,陽,タタタタンタンタンタタンタンタンタンタンタタタンタンタ
1,タタタンタンタタタンタンタタタンタンタンタタタンタンタン,脅,タタタンタンタタタンタンタタタンタンタンタタタンタンタ
1,タタタンタンタンタタンタンタンタタンタンタンタンタンタン,賀,タタタンタンタンタタンタンタンタタンタンタンタンタンタ
1,タタンタタンタンタンタンタンタンタタンタンタンタタンタン,絡,タタンタタンタンタンタンタンタンタタンタンタンタタンタ
1,タタンタタンタンタンタンタンタンタンタタンタンタンタタン,統,タタンタタンタンタンタンタンタンタンタタンタンタンタタ
1,タタンタンタタタタンタタンタンタンタタンタンタンタンタン,強,タタンタンタタタタンタタンタンタンタタンタンタンタンタ
1,タタンタンタタタタンタンタンタタンタンタタタタンタンタン,弱,タタンタンタタタタンタンタンタタンタンタタタタンタンタ
1,タタンタンタンタタンタンタンタンタンタンタタタンタンタン,婿,タタンタンタンタタンタンタンタンタンタンタタタンタンタ
1,タタンタンタンタンタンタタンタンタンタタタンタンタンタン,属,タタンタンタンタンタンタタンタンタンタタタンタンタンタ
1,タタンタンタンタンタンタタンタンタンタタンタンタンタタン,嫁,タタンタンタンタンタンタタンタンタンタタンタンタンタタ
1,タタンタンタンタンタンタタンタンタンタンタンタンタンタン,群,タタンタンタンタンタンタタンタンタンタンタンタンタンタ
1,タタンタンタンタンタンタンタタンタンタンタンタンタンタン,嫌,タタンタンタンタンタンタンタタンタンタンタンタンタンタ
1,タンタタタンタンタンタタタンタンタタタンタンタタタンタン,脇,タンタタタンタンタンタタタンタンタタタンタンタタタンタ
1,タンタタタンタンタンタタンタンタンタンタタンタンタンタン,帽,タンタタタンタンタンタタンタンタンタンタタンタンタンタ
1,タンタタタンタンタンタンタタンタンタンタタンタンタンタン,幅,タンタタタンタンタンタンタタンタンタンタタンタンタンタ
1,タンタタタンタンタンタンタンタンタンタンタンタタタンタン,勝,タンタタタンタンタンタンタンタンタンタンタンタタタンタ
1,タンタタンタンタンタタタンタンタンタタンタンタンタンタン,嵐,タンタタンタンタンタタタンタンタンタタンタンタンタンタ
1,タンタタンタンタンタタンタンタンタンタンタタタンタンタン,揚,タンタタンタンタンタタンタンタンタンタンタタタンタンタ
1,タンタタンタンタンタタンタンタンタンタンタンタタタタタン,運,タンタタンタンタンタタンタンタンタンタンタンタタタタタ
1,タンタタンタンタンタンタタタンタンタンタンタタンタンタン,間,タンタタンタンタンタンタタタンタンタンタンタタンタンタ
1,タンタタンタンタンタンタタンタンタタンタンタンタンタタン,晩,タンタタンタンタンタンタタンタンタタンタンタンタンタタ
1,タンタタンタンタンタンタタンタンタンタンタンタンタンタン,嗅,タンタタンタンタンタンタタンタンタンタンタンタンタンタ
2,タンタタンタンタンタンタンタタンタンタンタンタンタンタン,"裸,園",タンタタンタンタンタンタンタタンタンタンタンタンタンタ
1,タンタタンタンタンタンタンタンタンタンタンタンタタンタン,暖,タンタタンタンタンタンタンタンタンタンタンタンタタンタ
1,タンタタンタンタンタンタンタンタンタンタンタンタンタタン,跳,タンタタンタンタンタンタンタンタンタンタンタンタンタタ
1,タンタンタタンタンタンタタンタンタンタンタンタタタンタン,激,タンタンタタンタンタンタタンタンタンタンタンタタタンタ
1,タンタンタタンタンタンタンタタンタンタンタタタンタンタン,湖,タンタンタタンタンタンタンタタンタンタンタタタンタンタ
1,タンタンタタンタンタンタンタンタンタタタンタンタタンタン,満,タンタンタタンタンタンタンタンタンタタタンタンタタンタ
1,タンタンタタンタンタンタンタンタンタンタタンタンタンタン,雷,タンタンタタンタンタンタンタンタンタンタタンタンタンタ
1,タンタンタタンタンタンタンタンタンタンタンタタンタンタン,滅,タンタンタタンタンタンタンタンタンタンタンタタンタンタ
1,タンタンタタンタンタンタンタンタンタンタンタンタタンタン,零,タンタンタタンタンタンタンタンタンタンタンタンタタンタ
1,タンタンタンタタタタンタタンタンタンタンタンタンタンタン,蒸,タンタンタンタタタタンタタンタンタンタンタンタンタンタ
1,タンタンタンタタタンタンタンタンタンタンタンタンタンタン,献,タンタンタンタタタンタンタンタンタンタンタンタンタンタ
1,タンタンタンタタンタンタンタンタンタンタンタタンタンタン,裏,タンタンタンタタンタンタンタンタンタンタンタタンタンタ
1,タンタンタンタンタタンタンタタタンタンタタタンタタンタン,殻,タンタンタンタンタタンタンタタタンタンタタタンタタンタ
1,タンタンタンタンタタンタンタンタンタタタンタンタンタタン,葛,タンタンタンタンタタンタンタンタンタタタンタンタンタタ
1,タンタンタンタンタタンタンタンタンタタンタンタンタンタン,微,タンタンタンタンタタンタンタンタンタタンタンタンタンタ
1,タンタンタンタンタタンタンタンタンタンタンタタンタンタン,戦,タンタンタンタンタタンタンタンタンタンタンタタンタンタ
1,タンタンタンタンタタンタンタンタンタンタンタンタタンタン,鼓,タンタンタンタンタタンタンタンタンタンタンタンタタンタ
1,タンタンタンタンタンタタタンタンタンタンタタタンタンタン,棚,タンタンタンタンタンタタタンタンタンタンタタタンタンタ
1,タンタンタンタンタンタタンタンタンタンタタンタンタンタン,該,タンタンタンタンタンタタンタンタンタンタタンタンタンタ
1,タンタンタンタンタンタタンタンタンタンタンタンタンタタン,靴,タンタンタンタンタンタタンタンタンタンタンタンタンタタ
1,タンタンタンタンタンタンタタンタンタンタンタタンタンタン,意,タンタンタンタンタンタンタタンタンタンタンタタンタンタ
1,タンタンタンタンタンタンタンタタタンタンタンタタタンタン,筋,タンタンタンタンタンタンタンタタタンタンタンタタタンタ
1,タンタンタンタンタンタンタンタタタンタンタンタンタンタン,傲,タンタンタンタンタンタンタンタタタンタンタンタンタンタ
1,タンタンタンタンタンタンタンタタンタンタンタタンタンタン,歳,タンタンタンタンタンタンタンタタンタンタンタタンタンタ
1,タンタンタンタンタンタンタンタンタンタタンタンタンタタン,様,タンタンタンタンタンタンタンタンタンタタンタンタンタタ
1,タンタンタンタンタンタンタンタンタンタンタンタタタンタン,勧,タンタンタンタンタンタンタンタンタンタンタンタタタンタ
2,タンタタンタンタンタンタンタンタタンタンタンタンタンタン,"嘆,蜂",タンタタンタンタンタンタンタンタタンタンタンタンタンタ
2,タンタタンタンタンタンタンタンタンタタンタンタンタンタン,"禅,豊",タンタタンタンタンタンタンタンタンタタンタンタンタンタ
2,タンタンタンタタンタンタンタンタタンタンタンタンタンタン,"頑,傾",タンタンタンタタンタンタンタンタタンタンタンタンタンタ
2,タンタンタンタンタンタタンタンタタタンタンタンタタンタン,"詞,詔",タンタンタンタンタンタタンタンタタタンタンタンタタンタ
2,タンタンタンタンタンタンタタンタンタンタタンタンタンタン,"塩,蓋",タンタンタンタンタンタンタタンタンタンタタンタンタンタ
2,タンタンタンタンタンタンタンタンタタンタンタタンタンタン,"義,羨",タンタンタンタンタンタンタンタンタタンタンタタンタンタ
2,タンタンタンタンタンタンタンタンタンタンタンタンタンタン,"僕,歴",タンタンタンタンタンタンタンタンタンタンタンタンタンタ
3,タンタンタタンタンタンタンタンタタンタンタンタンタンタン,"漢,塗,漠",タンタンタタンタンタンタンタンタタンタンタンタンタンタ
3,タンタンタンタンタンタタンタンタンタンタンタタンタンタン,"載,僧,想",タンタンタンタンタンタタンタンタンタンタンタタンタンタ
4,タンタンタンタンタンタタンタンタンタンタンタンタタンタン,"詰,詩,試,話",タンタンタンタンタンタタンタンタンタンタンタンタタンタ
6,タンタタンタンタンタンタンタンタンタンタンタタンタンタン,"暗,署,跡,践,賊,農",タンタタンタンタンタンタンタンタンタンタンタタンタンタ
1,タタタタンタンタンタンタンタタタンタンタンタンタタタタタン,随,タタタタンタンタンタンタンタタタンタンタンタンタタタタタ
1,タタタタンタンタンタンタンタンタタンタンタンタタンタンタン,隙,タタタタンタンタンタンタンタンタタンタンタンタタンタンタ
1,タタンタタンタンタタンタタンタンタンタンタンタタンタンタン,幾,タタンタタンタンタタンタタンタンタンタンタンタタンタンタ
1,タタンタタンタンタタンタンタンタタンタンタンタタタタンタン,郷,タタンタタンタンタタンタンタンタタンタンタンタタタタンタ
1,タタンタタンタンタンタンタンタンタタンタタンタンタンタタン,絶,タタンタタンタンタンタンタンタンタタンタタンタンタンタタ
1,タタンタタンタンタンタンタンタンタンタンタンタンタンタタン,継,タタンタタンタンタンタンタンタンタンタンタンタンタンタタ
1,タタンタンタタタタンタンタンタンタタンタンタンタンタンタン,費,タタンタンタタタタンタンタンタンタタンタンタンタンタンタ
1,タタンタンタタタタンタンタンタンタンタタンタンタンタンタン,弾,タタンタンタタタタンタンタンタンタンタタンタンタンタンタ
1,タタンタンタタンタンタンタンタンタンタンタタタンタタンタン,毀,タタンタンタタンタンタンタンタンタンタンタタタンタタンタ
1,タタンタンタンタタンタンタンタンタタンタンタンタンタンタン,質,タタンタンタンタタンタンタンタンタタンタンタンタンタンタ
1,タンタタタンタンタンタンタタンタンタンタンタタタンタンタン,腸,タンタタタンタンタンタンタタンタンタンタンタタタンタンタ
1,タンタタタンタンタンタンタンタンタタンタンタンタンタンタン,腫,タンタタタンタンタンタンタンタンタタンタンタンタンタンタ
1,タンタタンタンタタンタンタンタンタンタンタンタンタタンタン,誓,タンタタンタンタタンタンタンタンタンタンタンタンタタンタ
1,タンタタンタンタンタタンタンタンタタンタンタンタンタンタン,損,タンタタンタンタンタタンタンタンタタンタンタンタンタンタ
1,タンタタンタンタンタンタタタンタンタンタンタンタタタタタン,遇,タンタタンタンタンタンタタタンタンタンタンタンタタタタタ
1,タンタタンタンタンタンタタンタンタンタンタンタンタタンタン,裾,タンタタンタンタンタンタタンタンタンタンタンタンタタンタ
1,タンタタンタンタンタンタンタタンタンタンタタンタンタンタン,福,タンタタンタンタンタンタンタタンタンタンタタンタンタンタ
1,タンタタンタンタンタンタンタンタタタンタンタンタタンタタン,喩,タンタタンタンタンタンタンタンタタタンタンタンタタンタタ
1,タンタタンタンタンタンタンタンタタンタンタンタタンタンタン,猿,タンタタンタンタンタンタンタンタタンタンタンタタンタンタ
1,タンタタンタンタンタンタンタンタンタタンタンタンタンタタン,置,タンタタンタンタンタンタンタンタンタタンタンタンタンタタ
1,タンタタンタンタンタンタンタンタンタンタンタタタンタンタン,賄,タンタタンタンタンタンタンタンタンタンタンタタタンタンタ
1,タンタタンタンタンタンタンタンタンタンタンタンタンタンタン,墨,タンタタンタンタンタンタンタンタンタンタンタンタンタンタ
1,タンタンタタタンタンタンタンタタタタンタンタンタタタタタン,遊,タンタンタタタンタンタンタンタタタタンタンタンタタタタタ
1,タンタンタタタンタンタンタンタンタタンタンタンタンタンタン,頒,タンタンタタタンタンタンタンタンタタンタンタンタンタンタ
1,タンタンタタタンタンタンタンタンタンタンタンタタタタンタン,艇,タンタンタタタンタンタンタンタンタンタンタンタタタタンタ
1,タンタンタタンタタンタンタンタタンタンタンタンタタタンタン,湧,タンタンタタンタタンタンタンタタンタンタンタンタタタンタ
1,タンタンタタンタンタタンタンタンタンタタタンタンタタンタン,渦,タンタンタタンタンタタンタンタンタンタタタンタンタタンタ
1,タンタンタタンタンタンタタンタンタンタンタンタタンタンタン,漸,タンタンタタンタンタンタタンタンタンタンタンタタンタンタ
1,タンタンタタンタンタンタタンタンタンタンタンタンタタンタン,溶,タンタンタタンタンタンタタンタンタンタンタンタンタタンタ
1,タンタンタタンタンタンタンタタンタタンタンタタンタタンタン,滋,タンタンタタンタンタンタンタタンタタンタンタタンタタンタ
1,タンタンタタンタンタンタンタンタタンタンタンタタンタンタン,源,タンタンタタンタンタンタンタンタタンタンタンタタンタンタ
1,タンタンタタンタンタンタンタンタタンタンタンタンタンタタン,寛,タンタンタタンタンタンタンタンタタンタンタンタンタンタタ
1,タンタンタタンタンタンタンタンタンタタンタンタンタタンタン,酪,タンタンタタンタンタンタンタンタンタタンタンタンタタンタ
1,タンタンタタンタンタンタンタンタンタンタタタンタンタンタン,溝,タンタンタタンタンタンタンタンタンタンタタタンタンタンタ
1,タンタンタンタタンタンタンタタンタンタンタタンタンタンタン,督,タンタンタンタタンタンタンタタンタンタンタタンタンタンタ
1,タンタンタンタタンタンタンタタンタンタンタンタンタンタタン,慨,タンタンタンタタンタンタンタタンタンタンタンタンタンタタ
1,タンタンタンタタンタンタンタンタタタンタンタンタンタンタン,塑,タンタンタンタタンタンタンタンタタタンタンタンタンタンタ
1,タンタンタンタンタタタンタンタンタンタタンタンタンタンタン,煎,タンタンタンタンタタタンタンタンタンタタンタンタンタンタ
1,タンタンタンタンタタンタンタンタンタンタタンタンタタンタン,夢,タンタンタンタンタタンタンタンタンタンタタンタンタタンタ
1,タンタンタンタンタタンタンタンタンタンタンタンタタタタタン,遠,タンタンタンタンタタンタンタンタンタンタンタンタタタタタ
1,タンタンタンタンタタンタンタンタンタンタンタンタタタンタン,幕,タンタンタンタンタタンタンタンタンタンタンタンタタタンタ
1,タンタンタンタンタタンタンタンタンタンタンタンタンタンタン,徴,タンタンタンタンタタンタンタンタンタンタンタンタンタンタ
1,タンタンタンタンタンタタンタタンタンタンタタンタンタンタン,蓄,タンタンタンタンタンタタンタタンタンタンタタンタンタンタ
1,タンタンタンタンタンタタンタンタタンタンタンタタンタンタン,楷,タンタンタンタンタンタタンタンタタンタンタンタタンタンタ
1,タンタンタンタンタンタタンタンタタンタンタンタンタタンタン,愛,タンタンタンタンタンタタンタンタタンタンタンタンタタンタ
1,タンタンタンタンタンタタンタンタンタタンタンタタンタンタン,詣,タンタンタンタンタンタタンタンタンタタンタンタタンタンタ
1,タンタンタンタンタンタタンタンタンタンタンタタタンタンタン,傷,タンタンタンタンタンタタンタンタンタンタンタタタンタンタ
1,タンタンタンタンタンタタンタンタンタンタンタンタタタンタン,働,タンタンタンタンタンタタンタンタンタンタンタンタタタンタ
1,タンタンタンタンタンタタンタンタンタンタンタンタンタンタン,雌,タンタンタンタンタンタタンタンタンタンタンタンタンタンタ
1,タンタンタンタンタンタンタタンタンタンタンタタタンタンタン,瘍,タンタンタンタンタンタンタタンタンタンタンタタタンタンタ
1,タンタンタンタンタンタンタタンタンタンタンタンタンタンタン,彰,タンタンタンタンタンタンタタンタンタンタンタンタンタンタ
1,タンタンタンタンタンタンタンタタンタンタンタンタンタンタン,算,タンタンタンタンタンタンタンタタンタンタンタンタンタンタ
1,タンタンタンタンタンタンタンタンタンタタンタンタンタンタン,辣,タンタンタンタンタンタンタンタンタンタタンタンタンタンタ
1,タンタンタンタンタンタンタンタンタンタンタンタンタタンタン,奪,タンタンタンタンタンタンタンタンタンタンタンタンタタンタ
2,タンタタンタンタタンタンタンタンタタンタンタンタンタンタン,"資,頓",タンタタンタンタタンタンタンタンタタンタンタンタンタンタ
2,タンタタンタンタンタンタンタンタンタタンタンタンタタンタン,"賂,路",タンタタンタンタンタンタンタンタンタタンタンタンタタンタ
2,タンタンタタンタンタンタンタンタンタンタタンタンタンタタン,"滝,電",タンタンタタンタンタンタンタンタンタンタタンタンタンタタ
3.5,タンタンタンタンタタンタンタタンタンタンタンタタンタンタン,"感,塡(填)",タンタンタンタンタタンタンタタンタンタンタンタタンタンタ
2,タンタンタンタンタンタンタンタンタタンタンタンタンタンタン,"種,模",タンタンタンタンタンタンタンタンタタンタンタンタンタンタ
3,タンタンタンタンタンタンタンタンタンタンタンタタンタンタン,"稲,銭,暦",タンタンタンタンタンタンタンタンタンタンタンタタンタンタ
1,タタタタンタンタンタンタタンタンタンタタタンタンタンタンタン,隔,タタタタンタンタンタンタタンタンタンタタタンタンタンタンタ
1,タタタタンタンタンタンタンタンタンタンタタンタンタンタンタン,障,タタタタンタンタンタンタンタンタンタンタタンタンタンタンタ
1,タタンタタンタンタンタタンタンタタンタンタンタンタンタンタン,彙,タタンタタンタンタンタタンタンタタンタンタンタンタンタンタ
1,タタンタタンタンタンタンタンタンタンタンタンタタンタンタタン,続,タタンタタンタンタンタンタンタンタンタンタンタタンタンタタ
1,タタンタタンタンタンタンタンタンタンタンタンタンタンタンタン,維,タタンタタンタンタンタンタンタンタンタンタンタンタンタンタ
1,タタンタンタタンタタンタンタンタンタタンタンタンタンタンタン,預,タタンタンタタンタタンタンタンタンタタンタンタンタンタンタ
1,タタンタンタンタンタンタンタンタンタンタンタタタンタタンタン,殿,タタンタンタンタンタンタンタンタンタンタンタタタンタタンタ
1,タンタタタンタンタンタンタンタタンタンタンタタンタタンタタン,腺,タンタタタンタンタンタンタンタタンタンタンタタンタタンタタ
1,タンタタタンタンタンタンタンタタンタンタンタンタタンタンタン,腰,タンタタタンタンタンタンタンタタンタンタンタンタタンタンタ
1,タンタタタンタンタンタンタンタンタタンタンタンタンタタンタン,腹,タンタタタンタンタンタンタンタンタタンタンタンタンタタンタ
1,タンタタタンタンタンタンタンタンタンタンタンタンタンタンタン,雑,タンタタタンタンタンタンタンタンタンタンタンタンタンタンタ
1,タンタタンタンタタタンタンタンタンタンタタンタンタンタンタン,触,タンタタンタンタタタンタンタンタンタンタタンタンタンタンタ
1,タンタタンタンタタンタンタンタンタンタンタンタンタンタンタン,鮮,タンタタンタンタタンタンタンタンタンタンタンタンタンタンタ
1,タンタタンタンタンタタタンタンタンタタンタンタンタンタンタン,照,タンタタンタンタンタタタンタンタンタタンタンタンタンタンタ
1,タンタタンタンタンタタンタンタンタンタンタタンタンタタンタン,暇,タンタタンタンタンタタンタンタンタンタンタタンタンタタンタ
1,タンタタンタンタンタンタタタンタンタタンタンタンタタタタタン,過,タンタタンタンタンタンタタタンタンタタンタンタンタタタタタ
1,タンタタンタンタンタンタタタンタンタンタンタタンタンタンタン,盟,タンタタンタンタンタンタタタンタンタンタンタタンタンタンタ
1,タンタタンタンタンタンタタタンタンタンタンタンタタンタンタン,愚,タンタタンタンタンタンタタタンタンタンタンタンタタンタンタ
1,タンタタンタンタンタンタンタンタンタタンタンタンタンタンタン,獄,タンタタンタンタンタンタンタンタンタタンタンタンタンタンタ
1,タンタンタタンタンタンタンタタンタンタンタタンタンタタタタン,湾,タンタンタタンタンタンタンタタンタンタンタタンタンタタタタ
1,タンタンタタンタンタンタンタタンタンタンタンタタンタタンタン,寝,タンタンタタンタンタンタンタタンタンタンタンタタンタタンタ
1,タンタンタタンタンタンタンタンタタンタンタンタンタンタンタン,鼻,タンタンタタンタンタンタンタンタタンタンタンタンタンタンタ
1,タンタンタタンタンタンタンタンタンタンタタンタンタタタンタン,滞,タンタンタタンタンタンタンタンタンタンタタンタンタタタンタ
1,タンタンタタンタンタンタンタンタンタンタタンタンタンタンタン,漆,タンタンタタンタンタンタンタンタンタンタタンタンタンタンタ
1,タンタンタタンタンタンタンタンタンタンタンタンタタタタンタン,酵,タンタンタタンタンタンタンタンタンタンタンタンタタタタンタ
1,タンタンタタンタンタンタンタンタンタンタンタンタンタタンタン,酷,タンタンタタンタンタンタンタンタンタンタンタンタンタタンタ
1,タンタンタンタタンタンタタンタンタンタンタタンタンタンタタン,像,タンタンタンタタンタンタタンタンタンタンタタンタンタンタタ
1,タンタンタンタタンタンタンタタンタンタンタンタンタタタンタン,飾,タンタンタンタタンタンタンタタンタンタンタンタンタタタンタ
1,タンタンタンタタンタンタンタンタタンタンタタタンタンタンタン,虞,タンタンタンタタンタンタンタンタタンタンタタタンタンタンタ
1,タンタンタンタタンタンタンタンタタンタンタンタタタンタンタン,腎,タンタンタンタタンタンタンタンタタンタンタンタタタンタンタ
1,タンタンタンタタンタンタンタンタタンタンタンタンタタタンタン,虜,タンタンタンタタンタンタンタンタタンタンタンタンタタタンタ
1,タンタンタンタタンタンタンタンタタンタンタンタンタンタンタン,碑,タンタンタンタタンタンタンタンタタンタンタンタンタンタンタ
1,タンタンタンタタンタンタンタンタンタタンタンタンタンタンタン,領,タンタンタンタタンタンタンタンタンタタンタンタンタンタンタ
1,タンタンタンタンタタンタンタンタンタンタンタタンタンタンタン,慕,タンタンタンタンタタンタンタンタンタンタンタタンタンタンタ
1,タンタンタンタンタンタタタンタンタンタンタンタンタンタンタン,駄,タンタンタンタンタンタタタンタンタンタンタンタンタンタンタ
1,タンタンタンタンタンタタンタンタンタンタタタンタタンタンタン,誠,タンタンタンタンタンタタンタンタンタンタタタンタタンタンタ
1,タンタンタンタンタンタタンタンタンタンタンタンタタンタンタン,誌,タンタンタンタンタンタタンタンタンタンタンタンタタンタンタ
1,タンタンタンタンタンタタンタンタンタンタンタンタンタタタタン,誇,タンタンタンタンタンタタンタンタンタンタンタンタンタタタタ
1,タンタンタンタンタンタタンタンタンタンタンタンタンタタンタン,髪,タンタンタンタンタンタタンタンタンタンタンタンタンタタンタ
1,タンタンタンタンタンタンタタンタンタンタタンタンタタタンタン,節,タンタンタンタンタンタンタタンタンタンタタンタンタタタンタ
1,タンタンタンタンタンタンタンタンタンタタタンタンタタタンタン,勢,タンタンタンタンタンタンタンタンタンタタタンタンタタタンタ
1,タンタンタンタンタンタンタンタンタンタタンタンタンタタンタン,銘,タンタンタンタンタンタンタンタンタンタタンタンタンタタンタ
1,タンタンタンタンタンタンタンタンタンタタンタンタンタンタタン,境,タンタンタンタンタンタンタンタンタンタタンタンタンタンタタ
1,タンタンタンタンタンタンタンタンタンタンタタタンタンタンタン,構,タンタンタンタンタンタンタンタンタンタンタタタンタンタンタ
1,タンタンタンタンタンタンタンタンタンタンタタンタンタンタタン,銃,タンタンタンタンタンタンタンタンタンタンタタンタンタンタタ
1,タンタンタンタンタンタンタンタンタンタンタンタタタンタンタン,精,タンタンタンタンタンタンタンタンタンタンタンタタタンタンタ
1,タンタンタンタンタンタンタンタンタンタンタンタンタタタタタン,遮,タンタンタンタンタンタンタンタンタンタンタンタンタタタタタ
1,タンタンタンタンタンタンタンタンタンタンタンタンタンタンタン,権,タンタンタンタンタンタンタンタンタンタンタンタンタンタンタ
2,タンタンタタンタンタンタンタンタンタタンタンタンタンタンタン,"漬,頼",タンタンタタンタンタンタンタンタンタタンタンタンタンタンタ
2,タンタンタンタタンタンタンタタンタンタンタンタンタンタンタン,"餌,餅",タンタンタンタタンタンタンタタンタンタンタンタンタンタンタ
2,タンタンタンタンタタンタンタンタンタンタンタンタタンタンタン,"蔑,暮",タンタンタンタンタタンタンタンタンタンタンタンタタンタンタ
2,タンタンタンタンタンタンタンタタンタンタンタンタタンタンタン,"箇,箋",タンタンタンタンタンタンタンタタンタンタンタンタタンタンタ
2,タンタンタンタンタンタンタンタンタタンタンタンタタンタンタン,"銀,僚",タンタンタンタンタンタンタンタンタタンタンタンタタンタンタ
3,タンタンタンタンタンタンタタンタンタンタンタンタタンタンタン,"増,憎,徳",タンタンタンタンタンタンタタンタンタンタンタンタタンタンタ
1,タタタタンタンタンタンタンタンタタンタンタンタタンタンタンタン,墜,タタタタンタンタンタンタンタンタタンタンタンタタンタンタンタ
1,タタタタンタンタンタンタンタンタタンタンタンタンタタンタンタン,隠,タタタタンタンタンタンタンタンタタンタンタンタンタタンタンタ
1,タタンタタンタンタンタンタンタンタタンタンタンタタタンタンタン,絹,タタンタタンタンタンタンタンタンタタンタンタンタタタンタンタ
1,タタンタタンタンタンタンタンタンタンタンタンタンタタンタンタン,緒,タタンタタンタンタンタンタンタンタンタンタンタンタタンタンタ
1,タタンタンタンタンタンタンタタンタンタンタンタンタタンタンタン,層,タタンタンタンタンタンタンタタンタンタンタンタンタタンタンタ
1,タンタタタンタンタンタンタンタタンタンタタンタンタタタンタタン,腕,タンタタタンタンタンタンタンタタンタンタタンタンタタタンタタ
1,タンタタタンタンタンタンタンタンタンタタンタンタンタンタンタン,膜,タンタタタンタンタンタンタンタンタンタタンタンタンタンタンタ
1,タンタタンタンタタタンタンタンタンタタタンタンタンタンタンタン,解,タンタタンタンタタタンタンタンタンタタタンタンタンタンタンタ
1,タンタタンタンタンタンタタンタンタンタンタタタンタンタタンタン,禍,タンタタンタンタンタンタタンタンタンタンタタタンタンタタンタ
1,タンタタンタンタンタンタンタタンタンタタンタンタンタタタタタン,遣,タンタタンタンタンタンタンタタンタンタタンタンタンタタタタタ
1,タンタタンタンタンタンタンタタンタンタンタンタタタンタンタタン,褐,タンタタンタンタンタンタンタタンタンタンタンタタタンタンタタ
1,タンタタンタンタンタンタンタンタタンタンタタンタンタンタンタン,疑,タンタタンタンタンタンタンタンタタンタンタタンタンタンタンタ
1,タンタタンタンタンタンタンタンタンタタンタンタンタンタタンタン,複,タンタタンタンタンタンタンタンタンタタンタンタンタンタタンタ
1,タンタタンタンタンタンタンタンタンタンタンタタンタンタンタタン,罰,タンタタンタンタンタンタンタンタンタンタンタタンタンタンタタ
1,タンタタンタンタンタンタンタンタンタンタンタンタタタタタンタン,携,タンタタンタンタンタンタンタンタンタンタンタンタタタタタンタ
1,タンタンタタンタンタタンタンタタンタンタンタンタンタンタンタン,漁,タンタンタタンタンタタンタンタタンタンタンタンタンタンタンタ
1,タンタンタタンタンタタンタンタンタンタタンタンタタタンタンタン,滑,タンタンタタンタンタタンタンタンタンタタンタンタタタンタンタ
1,タンタンタタンタンタンタタンタンタンタタンタンタンタンタンタン,演,タンタンタタンタンタンタタンタンタンタタンタンタンタンタンタ
1,タンタンタタンタンタンタタンタンタンタンタタンタンタンタンタン,蜜,タンタンタタンタンタンタタンタンタンタンタタンタンタンタンタ
1,タンタンタタンタンタンタタンタンタンタンタンタンタタンタンタン,漂,タンタンタタンタンタンタタンタンタンタンタンタンタタンタンタ
1,タンタンタタンタンタンタンタンタタンタンタンタンタタンタンタン,暫,タンタンタタンタンタンタンタンタタンタンタンタンタタンタンタ
1,タンタンタタンタンタンタンタンタタンタンタンタンタンタタンタン,酸,タンタンタタンタンタンタンタンタタンタンタンタンタンタタンタ
1,タンタンタタンタンタンタンタンタンタンタンタンタタタンタンタン,需,タンタンタタンタンタンタンタンタンタンタンタンタタタンタンタ
1,タンタンタンタタンタタンタンタタンタタンタンタンタタンタンタン,慈,タンタンタンタタンタタンタンタタンタタンタンタンタタンタンタ
1,タンタンタンタタンタンタンタタンタンタタタンタンタンタタンタン,飼,タンタンタンタタンタンタンタタンタンタタタンタンタンタタンタ
1,タンタンタンタンタタタンタンタタタンタンタンタタンタンタンタン,瑠,タンタンタンタンタタタンタンタタタンタンタンタタンタンタンタ
1,タンタンタンタンタタンタンタンタタンタンタンタンタンタンタタン,概,タンタンタンタンタタンタンタンタタンタンタンタンタンタンタタ
1,タンタンタンタンタタンタンタンタンタタンタンタンタンタタンタン,慢,タンタンタンタンタタンタンタンタンタタンタンタンタンタタンタ
1,タンタンタンタンタタンタンタンタンタンタタンタンタンタンタタン,貌,タンタンタンタンタタンタンタンタンタンタタンタンタンタンタタ
1,タンタンタンタンタンタタタンタンタンタンタンタタンタンタンタン,駅,タンタンタンタンタンタタタンタンタンタンタンタタンタンタンタ
1,タンタンタンタンタンタタタンタンタンタンタンタンタンタンタタン,駆,タンタンタンタンタンタタタンタンタンタンタンタンタンタンタタ
1,タンタンタンタンタンタタンタンタンタンタタンタンタンタタンタン,語,タンタンタンタンタンタタンタンタンタンタタンタンタンタタンタ
1,タンタンタンタンタンタタンタンタンタンタンタタンタンタンタタン,説,タンタンタンタンタンタタンタンタンタンタンタタンタンタンタタ
1,タンタンタンタンタンタタンタンタンタンタンタンタタンタンタタン,読,タンタンタンタンタンタタンタンタンタンタンタンタタンタンタタ
1,タンタンタンタンタンタンタタンタンタンタタタンタンタンタンタン,腐,タンタンタンタンタンタンタタンタンタンタタタンタンタンタンタ
1,タンタンタンタンタンタンタタンタンタンタンタンタタタンタンタン,端,タンタンタンタンタンタンタタンタンタンタンタンタタタンタンタ
1,タンタンタンタンタンタンタンタタンタンタンタタンタンタンタタン,稼,タンタンタンタンタンタンタンタタンタンタンタタンタンタンタタ
1,タンタンタンタンタンタンタンタンタタンタンタタンタンタタンタン,管,タンタンタンタンタンタンタンタンタタンタンタタンタンタタンタ
1,タンタンタンタンタンタンタンタンタンタタタンタンタンタタンタン,銅,タンタンタンタンタンタンタンタンタンタタタンタンタンタタンタ
1,タンタンタンタンタンタンタンタンタンタタタンタンタンタンタタン,癒,タンタンタンタンタンタンタンタンタンタタタンタンタンタンタタ
1,タンタンタンタンタンタンタンタンタンタンタンタンタンタンタタン,摩,タンタンタンタンタンタンタンタンタンタンタンタンタンタンタタ
2,タタンタタンタンタンタンタンタンタンタタンタンタンタンタンタン,"綻,練",タタンタタンタンタンタンタンタンタンタタンタンタンタンタンタ
2,タンタタンタンタンタンタタタンタンタンタンタンタンタンタンタン,"関,聞",タンタタンタンタンタンタタタンタンタンタンタンタンタンタンタ
2,タンタタンタンタンタンタンタンタンタンタンタンタンタンタンタン,"撲,黙",タンタタンタンタンタンタンタンタンタンタンタンタンタンタンタ
2,タンタンタンタンタンタタンタンタンタンタンタンタンタンタンタン,"誰,談",タンタンタンタンタンタタンタンタンタンタンタンタンタンタンタ
2,タンタンタンタンタンタンタンタンタンタンタンタタンタンタンタン,"箱,箸",タンタンタンタンタンタンタンタンタンタンタンタタンタンタンタ
2,タンタンタンタンタンタンタンタンタンタンタンタンタタンタンタン,"歓,薪",タンタンタンタンタンタンタンタンタンタンタンタンタタンタンタ
2,タンタンタンタンタンタンタンタンタンタンタンタンタンタタンタン,"趣,鋳",タンタンタンタンタンタンタンタンタンタンタンタンタンタタンタ
3,タンタンタタンタンタンタンタンタンタンタンタンタンタンタンタン,"輩,窯,霊",タンタンタタンタンタンタンタンタンタンタンタンタンタンタンタ
6,タンタンタンタンタンタンタンタンタンタタンタンタンタンタンタン,"横,賛,憧,舞,墳,憤",タンタンタンタンタンタンタンタンタンタタンタンタンタンタンタ
1,タタタタンタンタンタタンタンタンタタンタンタンタンタタンタンタン,際,タタタタンタンタンタタンタンタンタタンタンタンタンタタンタンタ
1,タタンタタンタンタンタンタンタタンタンタンタタンタンタンタンタン,緑,タタンタタンタンタンタンタンタタンタンタンタタンタンタンタンタ
1,タタンタタンタンタンタンタンタンタタタンタンタンタンタンタンタン,網,タタンタタンタンタンタンタンタンタタタンタンタンタンタンタンタ
1,タタンタタンタンタンタンタンタンタンタタンタンタンタタンタンタン,総,タタンタタンタンタンタンタンタンタンタタンタンタンタタンタンタ
1,タタンタンタンタンタンタンタンタンタタタンタンタンタンタタンタン,嫡,タタンタンタンタンタンタンタンタンタタタンタンタンタンタタンタ
1,タタンタンタンタンタンタンタンタンタンタンタンタンタタンタンタン,嬢,タタンタンタンタンタンタンタンタンタンタンタンタンタタンタンタ
1,タンタタンタンタンタタタンタンタンタンタタタンタンタンタタンタン,嗣,タンタタンタンタンタタタンタンタンタンタタタンタンタンタタンタ
1,タンタタンタンタンタンタタタンタンタンタンタンタタタンタタンタン,搬,タンタタンタンタンタンタタタンタンタンタンタンタタタンタタンタ
1,タンタタンタンタンタンタタタンタンタンタンタンタンタタンタンタン,閥,タンタタンタンタンタンタタタンタンタンタンタンタンタタンタンタ
1,タンタタンタンタンタンタタンタンタンタンタタタンタンタンタンタン,鳴,タンタタンタンタンタンタタンタンタンタンタタタンタンタンタンタ
1,タンタタンタンタンタンタタンタンタンタンタンタンタンタタタタタン,遺,タンタタンタンタンタンタタンタンタンタンタンタンタンタタタタタ
1,タンタタンタンタンタンタンタンタタンタンタンタタタンタンタンタン,踊,タンタタンタンタンタンタンタンタタンタンタンタタタンタンタンタ
1,タンタタンタンタンタンタンタンタンタタタンタンタンタンタタンタン,摘,タンタタンタンタンタンタンタンタンタタタンタンタンタンタタンタ
1,タンタタンタンタンタンタンタンタンタンタタンタンタンタンタンタン,噴,タンタタンタンタンタンタンタンタンタンタタンタンタンタンタンタ
1,タンタタンタンタンタンタンタンタンタンタンタタンタンタンタンタン,暴,タンタタンタンタンタンタンタンタンタンタンタタンタンタンタンタ
1,タンタンタタンタタンタンタンタンタンタタタンタンタンタンタンタン,漏,タンタンタタンタタンタンタンタンタンタタタンタンタンタンタンタ
1,タンタンタタンタンタタンタンタンタタンタンタンタンタタンタンタン,察,タンタンタタンタンタタンタンタンタタンタンタンタンタタンタンタ
1,タンタンタタンタンタタンタンタンタンタタンタンタンタンタタンタン,漫,タンタンタタンタンタタンタンタンタンタタンタンタンタンタタンタ
1,タンタンタタンタンタタンタンタンタンタタンタンタンタンタンタタン,寧,タンタンタタンタンタタンタンタンタンタタンタンタンタンタンタタ
1,タンタンタタンタンタンタンタタンタンタンタンタンタタンタタンタン,魂,タンタンタタンタンタンタンタタンタンタンタンタンタタンタタンタ
1,タンタンタタンタンタンタンタタンタンタンタンタンタンタタタンタン,寡,タンタンタタンタンタンタンタタンタンタンタンタンタンタタタンタ
1,タンタンタタンタンタンタンタンタタンタンタタンタンタタンタンタン,歌,タンタンタタンタンタンタンタンタタンタンタタンタンタタンタンタ
1,タンタンタタンタンタンタンタンタンタタタンタンタンタンタタンタン,滴,タンタンタタンタンタンタンタンタンタタタンタンタンタンタタンタ
1,タンタンタタンタンタンタンタンタンタタンタンタンタタンタンタタン,劇,タンタンタタンタンタンタンタンタンタタンタンタンタタンタンタタ
1,タンタンタタンタンタンタンタンタンタタンタンタンタンタタタタタン,遭,タンタンタタンタンタンタンタンタンタタンタンタンタンタタタタタ
1,タンタンタタンタンタンタンタンタンタンタタンタンタンタンタンタン,賓,タンタンタタンタンタンタンタンタンタンタタンタンタンタンタンタ
1,タンタンタタンタンタンタンタンタンタンタンタンタタンタンタンタン,審,タンタンタタンタンタンタンタンタンタンタンタンタタンタンタンタ
1,タンタンタンタタンタンタタタタンタンタンタタタンタンタンタンタン,塾,タンタンタンタタンタンタタタタンタンタンタタタンタンタンタンタ
1,タンタンタンタタンタンタンタタンタンタンタタタンタタンタンタタン,飽,タンタンタンタタンタンタンタタンタンタンタタタンタタンタンタタ
1,タンタンタンタタンタンタンタタンタンタンタンタンタンタンタンタン,確,タンタンタンタタンタンタンタタンタンタンタンタンタンタンタンタ
1,タンタンタンタタンタンタンタンタンタンタンタンタタンタンタンタン,監,タンタンタンタタンタンタンタンタンタンタンタンタタンタンタンタ
1,タンタンタンタタンタンタンタンタンタンタンタンタンタタンタンタン,戯,タンタンタンタタンタンタンタンタンタンタンタンタンタタンタンタ
1,タンタンタンタンタタタンタンタンタタンタンタンタンタタンタンタン,製,タンタンタンタンタタタンタンタンタタンタンタンタンタタンタンタ
1,タンタンタンタンタタタンタンタンタンタンタンタンタンタンタンタン,弊,タンタンタンタンタタタンタンタンタンタンタンタンタンタンタンタ
1,タンタンタンタンタタンタンタンタンタンタタンタンタンタンタンタン,慣,タンタンタンタンタタンタンタンタンタンタタンタンタンタンタンタ
1,タンタンタンタンタタンタンタンタンタンタンタンタタタンタタンタン,穀,タンタンタンタンタタンタンタンタンタンタンタンタタタンタタンタ
1,タンタンタンタンタンタタタンタンタンタンタンタンタンタンタンタン,駐,タンタンタンタンタンタタタンタンタンタンタンタンタンタンタンタ
1,タンタンタンタンタンタタンタンタタタンタンタンタンタタンタンタン,認,タンタンタンタンタンタタンタンタタタンタンタンタンタタンタンタ
1,タンタンタンタンタンタタンタンタンタタンタンタタタンタンタンタン,誤,タンタンタンタンタンタタンタンタンタタンタンタタタンタンタンタ
1,タンタンタンタンタンタタンタンタンタタンタンタンタンタンタンタン,課,タンタンタンタンタンタタンタンタンタタンタンタンタンタンタンタ
1,タンタンタンタンタンタタンタンタンタンタンタンタンタタタタンタン,誕,タンタンタンタンタンタタンタンタンタンタンタンタンタタタタンタ
1,タンタンタンタンタンタタンタンタンタンタンタンタンタンタタンタン,諾,タンタンタンタンタンタタンタンタンタンタンタンタンタンタタンタ
1,タンタンタンタンタンタンタタンタンタンタンタンタンタンタンタタン,衝,タンタンタンタンタンタンタタンタンタンタンタンタンタンタンタタ
1,タンタンタンタンタンタンタンタタタンタンタンタンタンタンタンタン,蔽,タンタンタンタンタンタンタンタタタンタンタンタンタンタンタンタ
1,タンタンタンタンタンタンタンタタンタンタンタンタンタタンタンタン,穂,タンタンタンタンタンタンタンタタンタンタンタンタンタタンタンタ
1,タンタンタンタンタンタンタンタンタタンタンタンタタタンタタンタン,璃,タンタンタンタンタンタンタンタンタタンタンタンタタタンタタンタ
1,タンタンタンタンタンタンタンタンタンタタタンタンタンタンタンタン,熱,タンタンタンタンタンタンタンタンタンタタタンタンタンタンタンタ
1,タンタンタンタンタンタンタンタンタンタタンタンタンタタンタンタン,養,タンタンタンタンタンタンタンタンタンタタンタンタンタタンタンタ
1,タンタンタンタンタンタンタンタンタンタンタタンタンタタンタンタン,儀,タンタンタンタンタンタンタンタンタンタンタタンタンタタンタンタ
1,タンタンタンタンタンタンタンタンタンタンタンタタンタンタンタタン,鋭,タンタンタンタンタンタンタンタンタンタンタンタタンタンタンタタ
2,タンタタンタンタンタンタンタンタンタンタンタンタンタンタタンタン,"賠,賦",タンタタンタンタンタンタンタンタンタンタンタンタンタンタタンタ
2,タンタンタタンタンタンタンタンタンタンタンタンタンタタンタンタン,"震,潜",タンタンタタンタンタンタンタンタンタンタンタンタンタタンタンタ
2,タンタンタンタンタンタタンタンタンタンタンタンタンタタンタンタン,"諸,褒",タンタンタンタンタンタタンタンタンタンタンタンタンタタンタンタ
2,タンタンタンタンタンタンタタンタンタンタンタンタンタタンタンタン,"槽,標",タンタンタンタンタンタンタタンタンタンタンタンタンタタンタンタ
2,タンタンタンタンタンタンタンタンタタンタンタンタンタタンタンタン,"億,蔵",タンタンタンタンタンタンタンタンタタンタンタンタンタタンタンタ
1,タタタタンタンタンタタンタタンタンタンタンタンタンタンタタタタタン,遜,タタタタンタンタンタタンタタンタンタンタンタンタンタンタタタタタ
1,タタンタタンタンタンタンタンタタンタンタンタンタタンタンタンタタン,縁,タタンタタンタンタンタンタンタタンタンタンタンタタンタンタンタタ
1,タタンタタンタンタンタンタンタンタタタンタンタンタタタンタタンタン,綱,タタンタタンタンタンタンタンタンタタタンタンタンタタタンタタンタ
1,タタンタタンタンタンタンタンタンタンタタンタンタンタンタタタンタン,綿,タタンタタンタンタンタンタンタンタンタタンタンタンタンタタタンタ
1,タタンタタンタンタンタンタンタンタンタンタンタンタンタンタタンタン,緩,タタンタタンタンタンタンタンタンタンタンタンタンタンタンタタンタ
1,タタンタンタンタタタンタンタンタンタタンタンタタンタンタンタンタン,熊,タタンタンタンタタタンタンタンタンタタンタンタタンタンタンタンタ
1,タタンタンタンタンタンタンタンタンタンタタンタンタンタンタタンタン,履,タタンタンタンタンタンタンタンタンタンタタンタンタンタンタタンタ
1,タンタタタンタンタンタンタンタンタンタンタンタタンタンタンタンタン,膝,タンタタタンタンタンタンタンタンタンタンタンタタンタンタンタンタ
1,タンタタンタンタンタタンタンタンタンタンタンタンタンタンタタンタン,撮,タンタタンタンタンタタンタンタンタンタンタンタンタンタンタタンタ
1,タンタタンタンタンタンタタタンタンタンタンタタンタンタンタタンタン,閣,タンタタンタンタンタンタタタンタンタンタンタタンタンタンタタンタ
1,タンタタンタンタンタンタンタンタタンタタンタタンタンタタンタンタン,踏,タンタタンタンタンタンタンタンタタンタタンタタンタンタタンタンタ
1,タンタタンタンタンタンタンタンタタンタンタタンタンタンタンタンタン,影,タンタタンタンタンタンタンタンタタンタンタタンタンタンタンタンタ
1,タンタタンタンタンタンタンタンタンタンタタンタンタンタタンタンタン,踪,タンタタンタンタンタンタンタンタンタンタタンタンタンタタンタンタ
1,タンタタンタンタンタンタンタンタンタンタンタタタンタンタンタンタン,罵,タンタタンタンタンタンタンタンタンタンタンタタタンタンタンタンタ
1,タンタンタタンタタンタンタタンタンタンタンタタタンタンタンタンタン,潟,タンタンタタンタタンタンタタンタンタンタンタタタンタンタンタンタ
1,タンタンタタンタタンタンタンタンタンタンタンタタンタンタンタンタン,澄,タンタンタタンタタンタンタンタンタンタンタンタタンタンタンタンタ
1,タンタンタタンタンタタンタンタンタンタンタタンタンタンタンタンタン,潰,タンタンタタンタンタタンタンタンタンタンタタンタンタンタンタンタ
1,タンタンタタンタンタンタンタンタタンタタンタンタンタンタンタンタン,魅,タンタンタタンタンタンタンタンタタンタタンタンタンタンタンタンタ
1,タンタンタタンタンタンタンタンタンタタタンタンタンタンタンタンタン,敷,タンタンタタンタンタンタンタンタンタタタンタンタンタンタンタンタ
1,タンタンタタンタンタンタンタンタンタンタタンタンタンタタンタンタン,寮,タンタンタタンタンタンタンタンタンタンタタンタンタンタタンタンタ
1,タンタンタタンタンタンタンタンタンタンタンタンタタタンタンタンタン,輪,タンタンタタンタンタンタンタンタンタンタンタンタタタンタンタンタ
1,タンタンタタンタンタンタンタンタンタンタンタンタンタンタンタンタン,整,タンタンタタンタンタンタンタンタンタンタンタンタンタンタンタンタ
1,タンタンタンタタンタンタンタンタタタンタンタンタンタンタタタタタン,遡,タンタンタンタタンタンタンタンタタタンタンタンタンタンタタタタタ
1,タンタンタンタタンタンタンタンタタンタンタンタンタンタタンタンタン,慮,タンタンタンタタンタンタンタンタタンタンタンタンタンタタンタンタ
1,タンタンタンタタンタンタンタンタンタタンタタンタンタタンタタンタン,磁,タンタンタンタタンタンタンタンタンタタンタタンタンタタンタタンタ
1,タンタンタンタタンタンタンタンタンタンタタタンタンタンタンタンタン,勲,タンタンタンタタンタンタンタンタンタンタタタンタンタンタンタンタ
1,タンタンタンタンタタンタンタタンタンタンタタンタンタンタンタンタン,賞,タンタンタンタンタタンタンタタンタンタンタタンタンタンタンタンタ
1,タンタンタンタンタタンタンタンタンタンタンタタンタンタタンタンタン,憬,タンタンタンタンタタンタンタンタンタンタンタタンタンタタンタンタ
1,タンタンタンタンタンタタタンタンタンタンタタンタタンタンタンタタン,静,タンタンタンタンタンタタタンタンタンタンタタンタタンタンタンタタ
1,タンタンタンタンタンタタタンタンタンタンタタンタンタンタタタタタン,適,タンタンタンタンタンタタタンタンタンタンタタンタンタンタタタタタ
1,タンタンタンタンタンタタタンタンタンタンタタンタンタンタンタンタン,敵,タンタンタンタンタンタタタンタンタンタンタタンタンタンタンタンタ
1,タンタンタンタンタンタタンタンタタンタンタンタタンタンタンタンタン,輝,タンタンタンタンタンタタンタンタタンタンタンタタンタンタンタンタ
1,タンタンタンタンタンタタンタンタンタタタンタンタンタンタンタンタン,徹,タンタンタンタンタンタタンタンタンタタタンタンタンタンタンタンタ
1,タンタンタンタンタンタタンタンタンタンタンタンタタタンタンタンタン,論,タンタンタンタンタンタタンタンタンタンタンタンタタタンタンタンタ
1,タンタンタンタンタンタタンタンタンタンタンタンタンタタタタタンタン,誘,タンタンタンタンタンタタンタンタンタンタンタンタンタタタタタンタ
1,タンタンタンタンタンタタンタンタンタンタンタンタンタタタンタンタン,請,タンタンタンタンタンタタンタンタンタンタンタンタンタタタンタンタ
1,タンタンタンタンタンタンタタンタンタンタンタタタンタンタンタンタン,舗,タンタンタンタンタンタンタタンタンタンタンタタタンタンタンタンタ
1,タンタンタンタンタンタンタンタタンタンタンタタンタンタタンタンタン,稽,タンタンタンタンタンタンタンタタンタンタンタタンタンタタンタンタ
1,タンタンタンタンタンタンタンタンタンタタタンタンタンタンタンタタン,摯,タンタンタンタンタンタンタンタンタンタタタンタンタンタンタンタタ
1,タンタンタンタンタンタンタンタンタンタンタンタンタタンタンタンタン,奮,タンタンタンタンタンタンタンタンタンタンタンタンタタンタンタンタ
1,タンタンタンタンタンタンタンタンタンタンタンタンタンタンタタンタン,磨,タンタンタンタンタンタンタンタンタンタンタンタンタンタンタタンタ
2,タンタンタンタンタンタンタンタンタンタンタンタンタンタタンタンタン,"錯,壌",タンタンタンタンタンタンタンタンタンタンタンタンタンタタンタンタ
3,タンタンタンタンタンタタンタンタンタンタンタンタンタンタンタンタン,"燃,謀,薬",タンタンタンタンタンタタンタンタンタンタンタンタンタンタンタンタ
4,タンタンタンタンタンタンタンタンタンタンタタンタンタンタンタンタン,"錠,積,錬,頰",タンタンタンタンタンタンタンタンタンタンタタンタンタンタンタンタ
1,タタタタンタンタンタンタンタンタンタンタンタタンタンタンタンタンタン,隣,タタタタンタンタンタンタンタンタンタンタンタタンタンタンタンタンタ
1,タタンタタンタンタンタンタンタタタンタタタンタタタンタンタンタンタン,繰,タタンタタンタンタンタンタンタタタンタタタンタタタンタンタンタンタ
1,タタンタタンタンタンタンタンタンタンタタンタンタンタタンタタンタタン,線,タタンタタンタンタンタンタンタンタンタタンタンタンタタンタタンタタ
1,タタンタタンタンタンタンタンタンタンタンタンタンタンタンタンタンタン,縦,タタンタタンタンタンタンタンタンタンタンタンタンタンタンタンタンタ
1,タタンタンタンタタタンタンタンタンタタンタンタタンタンタタンタンタン,態,タタンタンタンタタタンタンタンタンタタンタンタタンタンタタンタンタ
1,タタンタンタンタンタタンタンタンタタンタンタタンタンタンタンタンタン,興,タタンタンタンタンタタンタンタンタタンタンタタンタンタンタンタンタ
1,タタンタンタンタンタタンタンタンタンタンタンタンタンタンタンタンタン,壁,タタンタンタンタンタタンタンタンタンタンタンタンタンタンタンタンタ
1,タタンタンタンタンタンタタンタンタンタンタタンタンタンタタンタンタン,慰,タタンタンタンタンタンタタンタンタンタンタタンタンタンタタンタンタ
1,タンタタンタンタンタタンタンタンタンタンタンタタンタンタンタタンタン,器,タンタタンタンタンタタンタンタンタンタンタンタタンタンタンタタンタ
1,タンタタンタンタンタンタタンタンタンタタタンタンタンタンタンタンタン,撤,タンタタンタンタンタンタタンタンタンタタタンタンタンタンタンタンタ
1,タンタタンタンタンタンタンタタンタンタンタンタンタンタタタンタンタン,嘲,タンタタンタンタンタンタンタタンタンタンタンタンタンタタタンタンタ
1,タンタタンタンタンタンタンタンタンタタンタンタンタンタタタンタンタン,賜,タンタタンタンタンタンタンタンタンタタンタンタンタンタタタンタンタ
1,タンタタンタンタンタンタンタンタンタンタンタンタンタタンタンタンタン,賭,タンタタンタンタンタンタンタンタンタンタンタンタンタタンタンタンタ
1,タンタタンタンタンタンタンタンタンタンタンタンタンタンタンタタンタン,獲,タンタタンタンタンタンタンタンタンタンタンタンタンタンタンタタンタ
1,タンタンタタンタンタタンタンタンタンタタタンタンタンタンタンタンタン,潤,タンタンタタンタンタタンタンタンタンタタタンタンタンタンタンタンタ
1,タンタンタタンタンタンタンタタンタンタンタンタンタンタタタンタンタン,潮,タンタンタタンタンタンタンタタンタンタンタンタンタンタタタンタンタ
1,タンタンタタンタンタンタンタンタンタタンタンタンタンタンタンタンタン,醒,タンタンタタンタンタンタンタンタンタタンタンタンタンタンタンタンタ
1,タンタンタタンタンタンタンタンタンタンタンタタンタンタンタンタンタン,頭,タンタンタタンタンタンタンタンタンタンタンタタンタンタンタンタンタ
1,タンタンタンタタンタンタタタタンタンタンタタタンタンタンタンタンタン,熟,タンタンタンタタンタンタタタタンタンタンタタタンタンタンタンタンタ
1,タンタンタンタタンタンタンタタンタンタンタンタタンタンタタンタンタン,餓,タンタンタンタタンタンタンタタンタンタンタンタタンタンタタンタンタ
1,タンタンタンタタンタンタンタンタタンタンタタンタタンタンタンタンタン,緊,タンタンタンタタンタンタンタンタタンタンタタンタタンタンタンタンタ
1,タンタンタンタタンタンタンタンタタンタンタンタンタンタタタンタンタン,膚,タンタンタンタタンタンタンタンタタンタンタンタンタンタタタンタンタ
1,タンタンタンタンタタタンタンタンタンタンタンタンタンタンタタタンタン,幣,タンタンタンタンタタタンタンタンタンタンタンタンタンタンタタタンタ
1,タンタンタンタンタタンタンタンタンタンタンタタンタンタンタタタタタン,遵,タンタンタンタンタタンタンタンタンタンタンタタンタンタンタタタタタ
1,タンタンタンタンタタンタンタンタンタンタンタタンタンタンタンタンタン,獣,タンタンタンタンタタンタンタンタンタンタンタタンタンタンタンタンタ
1,タンタンタンタンタンタタンタンタンタタタンタンタンタンタンタタンタン,調,タンタンタンタンタンタタンタンタンタタタンタンタンタンタンタタンタ
1,タンタンタンタンタンタタンタンタンタンタンタタタタタンタンタタンタン,導,タンタンタンタンタンタタンタンタンタンタンタタタタタンタンタタンタ
1,タンタンタンタンタンタタンタンタンタンタンタタンタンタンタンタンタン,麺,タンタンタンタンタンタタンタンタンタンタンタタンタンタンタンタンタ
1,タンタンタンタンタンタタンタンタンタンタンタンタンタンタンタタンタン,謡,タンタンタンタンタンタタンタンタンタンタンタンタンタンタンタタンタ
1,タンタンタンタンタンタンタンタンタタンタンタンタタタンタンタタンタン,稿,タンタンタンタンタンタンタンタンタタンタンタンタタタンタンタタンタ
1,タンタンタンタンタンタンタンタンタタンタンタンタタンタンタンタンタン,録,タンタンタンタンタンタンタンタンタタンタンタンタタンタンタンタンタ
1,タンタンタンタンタンタンタンタンタタンタンタンタンタンタタタンタタン,範,タンタンタンタンタンタンタンタンタタンタンタンタンタンタタタンタタ
1,タンタンタンタンタンタンタンタンタタンタンタンタンタンタンタタンタン,樹,タンタンタンタンタンタンタンタンタタンタンタンタンタンタンタタンタ
1,タンタンタンタンタンタンタンタンタンタタンタンタンタンタンタタンタン,糖,タンタンタンタンタンタンタンタンタンタタンタンタンタンタンタタンタ
1,タンタンタンタンタンタンタンタンタンタンタタタンタンタンタンタンタン,築,タンタンタンタンタンタンタンタンタンタンタタタンタンタンタンタンタ
1,タンタンタンタンタンタンタンタンタンタンタタンタンタンタンタンタタン,親,タンタンタンタンタンタンタンタンタンタンタタンタンタンタンタンタタ
1,タンタンタンタンタンタンタンタンタンタンタンタタタンタンタンタンタン,篤,タンタンタンタンタンタンタンタンタンタンタンタタタンタンタンタンタ
1,タンタンタンタンタンタンタンタンタンタンタンタンタンタンタンタンタン,厳,タンタンタンタンタンタンタンタンタンタンタンタンタンタンタンタンタ
2,タンタンタンタタンタンタンタンタタンタンタタンタンタンタンタタンタン,"慶,憂",タンタンタンタタンタンタンタンタタンタンタタンタンタンタンタタンタ
2,タンタンタンタンタンタンタタンタンタンタンタンタンタンタタンタンタン,"壊,懐",タンタンタンタンタンタンタタンタンタンタンタンタンタンタタンタンタ
4,タンタンタンタンタンタンタンタンタンタタンタンタンタンタタンタンタン,"憶,穏,普,錮",タンタンタンタンタンタンタンタンタンタタンタンタンタンタタンタンタ
1,タタンタタンタンタンタンタンタンタタンタンタンタンタタタンタンタンタン,編,タタンタタンタンタンタンタンタンタタンタンタンタンタタタンタンタンタ
1,タタンタタンタンタンタンタンタンタタンタンタンタンタタンタンタンタタン,縄,タタンタタンタンタンタンタンタンタタンタンタンタンタタンタンタンタタ
1,タタンタタンタンタンタンタンタンタタンタンタンタンタンタンタンタンタン,緻,タタンタタンタンタンタンタンタンタタンタンタンタンタンタンタンタンタ
1,タタンタタンタンタンタンタンタンタンタンタンタンタタンタンタタタンタン,締,タタンタタンタンタンタンタンタンタンタンタンタンタタンタンタタタンタ
1,タンタタタンタンタンタンタンタンタンタタンタンタンタンタンタンタンタン,膨,タンタタタンタンタンタンタンタンタンタタンタンタンタンタンタンタンタ
1,タンタタタンタンタンタンタンタンタンタンタンタンタンタンタンタタンタン,膳,タンタタタンタンタンタンタンタンタンタンタンタンタンタンタンタタンタ
1,タンタタンタンタタンタンタンタンタンタタンタンタンタタタンタンタンタン,嘱,タンタタンタンタタンタンタンタンタンタタンタンタンタタタンタンタンタ
1,タンタタンタンタンタンタタタンタンタンタンタンタンタタンタンタンタタン,閲,タンタタンタンタンタンタタタンタンタンタンタンタンタタンタンタンタタ
1,タンタタンタンタンタンタタンタタンタンタンタンタンタンタンタンタンタン,擁,タンタタンタンタンタンタタンタタンタンタンタンタンタンタンタンタンタ
1,タンタタンタンタンタンタンタタンタンタンタンタンタンタンタンタタンタン,曇,タンタタンタンタンタンタンタタンタンタンタンタンタンタンタンタタンタ
1,タンタンタタンタタンタンタタタタンタンタンタタンタンタタタタンタンタン,溺,タンタンタタンタタンタンタタタタンタンタンタタンタンタタタタンタンタ
1,タンタンタタンタンタタンタンタンタンタンタンタンタンタンタタンタンタン,濃,タンタンタタンタンタタンタンタンタンタンタンタンタンタンタタンタンタ
1,タンタンタタンタンタンタンタンタタタンタンタタンタタンタンタンタンタン,潔,タンタンタタンタンタンタンタンタタタンタンタタンタタンタンタンタンタ
1,タンタンタタンタンタンタンタンタンタタタンタタンタンタンタンタンタタン,撃,タンタンタタンタンタンタンタンタンタタタンタタンタンタンタンタンタタ
1,タンタンタタンタンタンタンタンタンタタンタンタンタンタンタタンタンタン,憲,タンタンタタンタンタンタンタンタンタタンタンタンタンタンタタンタンタ
1,タンタンタタンタンタンタンタンタンタンタタンタンタタンタンタタタタタン,遷,タンタンタタンタンタンタンタンタンタンタタンタンタタンタンタタタタタ
1,タンタンタタンタンタンタンタンタンタンタンタンタタタンタンタンタンタン,輸,タンタンタタンタンタンタンタンタンタンタンタンタタタンタンタンタンタ
1,タンタンタンタタンタンタンタンタタンタンタンタタンタンタンタンタンタン,賢,タンタンタンタタンタンタンタンタタンタンタンタタンタンタンタンタンタ
1,タンタンタンタタンタンタンタンタタンタンタンタンタンタンタンタンタタン,衛,タンタンタンタタンタンタンタンタタンタンタンタンタンタンタンタンタタ
1,タンタンタンタタンタンタンタンタンタンタンタンタンタンタンタンタンタン,礁,タンタンタンタタンタンタンタンタンタンタンタンタンタンタンタンタンタ
1,タンタンタンタンタタンタンタタンタンタンタンタンタンタンタンタンタタン,衡,タンタンタンタンタタンタンタタンタンタンタンタンタンタンタンタンタタ
1,タンタンタンタンタタンタンタンタンタタンタンタンタンタンタタンタンタン,憩,タンタンタンタンタタンタンタンタンタタンタンタンタンタンタタンタンタ
1,タンタンタンタンタタンタンタンタンタンタンタンタンタンタタタンタンタン,儒,タンタンタンタンタタンタンタンタンタンタンタンタンタンタタタンタンタ
1,タンタンタンタンタンタタタンタンタンタンタンタンタタタンタンタタンタン,駒,タンタンタンタンタンタタタンタンタンタンタンタンタタタンタンタタンタ
1,タンタンタンタンタンタタンタンタンタタンタンタンタタンタンタンタンタン,隷,タンタンタンタンタンタタンタンタンタタンタンタンタタンタンタンタンタ
1,タンタンタンタンタンタタンタンタンタタンタンタンタンタタタンタンタタン,謁,タンタンタンタンタンタタンタンタンタタンタンタンタンタタタンタンタタ
1,タンタンタンタンタンタタンタンタンタタンタンタンタンタンタタンタンタン,薄,タンタンタンタンタンタタンタンタンタタンタンタンタンタンタタンタンタ
1,タンタンタンタンタンタンタタンタンタタンタンタンタンタタンタンタンタン,壇,タンタンタンタンタンタンタタンタンタタンタンタンタンタタンタンタンタ
1,タンタンタンタンタンタンタンタタンタンタタンタンタンタンタタンタンタン,憾,タンタンタンタンタンタンタンタタンタンタタンタンタンタンタタンタンタ
1,タンタンタンタンタンタンタンタンタンタタタンタンタンタンタンタタンタン,鋼,タンタンタンタンタンタンタンタンタンタタタンタンタンタンタンタタンタ
1,タンタンタンタンタンタンタンタンタンタンタタンタンタンタンタタタンタン,錦,タンタンタンタンタンタンタンタンタンタンタタンタンタンタンタタタンタ
1,タンタンタンタンタンタンタンタンタンタンタタンタンタンタンタンタタタン,齢,タンタンタンタンタンタンタンタンタンタンタタンタンタンタンタンタタタ
2,タンタンタンタンタタンタンタンタタンタンタンタタンタンタンタンタンタン,"墾,藻",タンタンタンタンタタンタンタンタタンタンタンタタンタンタンタンタンタ
1,タタンタタンタンタタンタタンタンタンタンタタンタンタンタンタタンタンタン,畿,タタンタタンタンタタンタタンタンタンタンタタンタンタンタンタタンタンタ
1,タタンタタンタンタンタンタンタタンタンタンタンタタンタンタンタンタンタン,緯,タタンタタンタンタンタンタンタタンタンタンタンタタンタンタンタンタンタ
1,タタンタタンタンタンタンタンタンタンタタンタンタンタンタンタタンタンタン,縛,タタンタタンタンタンタンタンタンタンタタンタンタンタンタンタタンタンタ
1,タタンタンタタンタタンタンタタンタンタンタンタンタンタンタンタタタタタン,選,タタンタンタタンタタンタンタタンタンタンタンタンタンタンタンタタタタタ
1,タタンタンタンタンタタンタンタンタンタンタンタンタンタンタンタタタタタン,避,タタンタンタンタンタタンタンタンタンタンタンタンタンタンタンタタタタタ
1,タンタタンタンタタンタンタンタンタンタンタタンタンタタンタンタンタンタン,凝,タンタタンタンタタンタンタンタンタンタンタタンタンタタンタンタンタンタ
1,タンタタンタンタンタタンタンタンタタンタンタンタタンタンタンタンタンタン,操,タンタタンタンタンタタンタンタンタタンタンタンタタンタンタンタンタンタ
1,タンタタンタンタンタンタタンタンタンタタタンタンタンタンタタンタンタタン,罷,タンタタンタンタンタンタタンタンタンタタタンタンタンタンタタンタンタタ
1,タンタタンタンタンタンタンタンタタンタンタンタンタンタンタンタタタタタン,還,タンタタンタンタンタンタンタンタタンタンタンタンタンタンタンタタタタタ
1,タンタタンタンタンタンタンタンタンタンタンタンタタンタンタンタンタンタン,瞳,タンタタンタンタンタンタンタンタンタンタンタンタタンタンタンタンタンタ
1,タンタンタタタンタンタンタンタンタタタンタタンタンタンタタンタンタンタン,盤,タンタンタタタンタンタンタンタンタタタンタタンタンタンタタンタンタンタ
1,タンタンタタンタンタンタタタンタンタンタンタンタンタタンタンタンタンタン,融,タンタンタタンタンタンタタタンタンタンタンタンタンタタンタンタンタンタ
1,タンタンタタンタンタンタンタンタンタンタンタンタンタンタタンタンタンタン,霜,タンタンタタンタンタンタンタンタンタンタンタンタンタンタタンタンタンタ
1,タンタンタンタンタタンタンタンタンタンタンタンタタンタンタンタンタンタン,頻,タンタンタンタンタタンタンタンタンタンタンタンタタンタンタンタンタンタ
1,タンタンタンタンタタンタンタンタンタンタンタンタンタンタンタタンタンタン,戴,タンタンタンタンタタンタンタンタンタンタンタンタンタンタンタタンタンタ
1,タンタンタンタンタンタタンタンタンタタンタンタタンタンタンタンタタンタン,諮,タンタンタンタンタンタタンタンタンタタンタンタタンタンタンタンタタンタ
1,タンタンタンタンタンタタンタンタンタンタタタンタンタンタンタンタタンタン,謝,タンタンタンタンタンタタンタンタンタンタタタンタンタンタンタンタタンタ
1,タンタンタンタンタンタタンタンタンタンタンタタンタンタンタンタンタンタン,謙,タンタンタンタンタンタタンタンタンタンタンタタンタンタンタンタンタンタ
1,タンタンタンタンタンタタンタンタンタンタンタンタタタンタンタンタンタタン,諭,タンタンタンタンタンタタンタンタンタンタンタンタタタンタンタンタンタタ
1,タンタンタンタンタンタタンタンタンタンタンタンタンタタンタンタタタンタン,諦,タンタンタンタンタンタタンタンタンタンタンタンタンタタンタンタタタンタ
1,タンタンタンタンタンタンタタンタンタンタンタンタタタタンタンタンタンタン,薦,タンタンタンタンタンタンタタンタンタンタンタンタタタタンタンタンタンタ
1,タンタンタンタンタンタンタタンタンタンタンタンタンタンタタンタンタンタン,藍,タンタンタンタンタンタンタタンタンタンタンタンタンタンタタンタンタンタ
1,タンタンタンタンタンタンタンタンタタンタンタンタンタンタタタンタタンタン,鍛,タンタンタンタンタンタンタンタンタタンタンタンタンタンタタタンタタンタ
1,タンタンタンタンタンタンタンタンタタンタンタンタンタンタンタタタタンタン,鍵,タンタンタンタンタンタンタンタンタタンタンタンタンタンタンタタタタンタ
1,タンタンタンタンタンタンタンタンタンタタンタンタンタタタンタンタタンタン,橋,タンタンタンタンタンタンタンタンタンタタンタンタンタタタンタンタタンタ
1,タンタンタンタンタンタンタンタンタンタタンタンタンタンタンタタンタンタン,聴,タンタンタンタンタンタンタンタンタンタタンタンタンタンタンタタンタンタ
1,タンタンタンタンタンタンタンタンタンタンタンタタンタンタンタタンタンタン,療,タンタンタンタンタンタンタンタンタンタンタンタタンタンタンタタンタンタ
1,タンタンタンタンタンタンタンタンタンタンタンタンタタンタンタタンタンタン,犠,タンタンタンタンタンタンタンタンタンタンタンタンタタンタンタタンタンタ
2,タンタンタンタンタンタタンタンタンタンタンタンタタンタンタンタンタンタン,"環,謹",タンタンタンタンタンタタンタンタンタンタンタンタタンタンタンタンタンタ
1,タタンタタンタンタンタンタンタンタタンタンタンタンタンタンタンタタタタタン,縫,タタンタタンタンタンタンタンタンタタンタンタンタンタンタンタンタタタタタ
1,タタンタタンタンタンタンタンタンタンタンタンタンタタンタンタンタンタンタン,績,タタンタタンタンタンタンタンタンタンタンタンタンタタンタンタンタンタンタ
1,タタンタタンタンタンタンタンタンタンタンタンタンタンタンタンタタンタンタン,繊,タタンタタンタンタンタンタンタンタンタンタンタンタンタンタンタタンタンタ
1,タンタタタンタンタンタンタンタンタンタンタンタンタンタンタンタンタタンタン,謄,タンタタタンタンタンタンタンタンタンタンタンタンタンタンタンタンタタンタ
1,タンタタンタンタンタンタタンタンタタタンタンタンタンタンタタンタンタンタン,骸,タンタタンタンタンタンタタンタンタタタンタンタンタンタンタタンタンタンタ
1,タンタタンタンタンタンタンタンタタンタンタンタンタンタンタンタタンタンタン,嚇,タンタタンタンタンタンタンタンタタンタンタンタンタンタンタンタタンタンタ
1,タンタタンタンタンタンタンタンタンタンタンタンタタンタンタンタタンタンタン,瞭,タンタタンタンタンタンタンタンタンタンタンタンタタンタンタンタタンタンタ
1,タンタタンタンタンタンタンタンタンタンタンタンタンタンタタタンタンタンタン,購,タンタタンタンタンタンタンタンタンタンタンタンタンタンタタタンタンタンタ
1,タンタンタタンタタタンタンタンタンタンタンタンタタンタタンタンタンタンタン,繁,タンタンタタンタタタンタンタンタンタンタンタンタタンタタンタンタンタンタ
1,タンタンタタンタタンタンタンタタンタンタンタンタンタンタンタンタンタンタン,濯,タンタンタタンタタンタンタンタタンタンタンタンタンタンタンタンタンタンタ
1,タンタンタタンタンタタンタンタンタンタンタタタンタンタタンタンタンタンタン,濁,タンタンタタンタンタタンタンタンタンタンタタタンタンタタンタンタンタンタ
1,タンタンタタンタンタンタンタンタタタンタンタンタンタンタタンタンタタタタン,窮,タンタンタタンタンタンタンタンタタタンタンタンタンタンタタンタンタタタタ
1,タンタンタタンタンタンタンタンタンタンタタンタンタンタンタンタンタタンタン,轄,タンタンタタンタンタンタンタンタンタンタタンタンタンタンタンタンタタンタ
1,タンタンタンタタンタンタンタタンタンタンタンタタンタンタタンタンタタンタン,館,タンタンタンタタンタンタンタタンタンタンタンタタンタンタタンタンタタンタ
1,タンタンタンタタンタンタンタンタンタンタンタンタタンタンタンタンタンタタン,覧,タンタンタンタタンタンタンタンタンタンタンタンタタンタンタンタンタンタタ
1,タンタンタンタンタタンタタンタンタタンタタンタンタンタンタンタタンタンタン,機,タンタンタンタンタタンタタンタンタタンタタンタンタンタンタンタタンタンタ
1,タンタンタンタンタタンタンタンタンタンタンタンタンタンタンタンタンタンタン,難,タンタンタンタンタタンタンタンタンタンタンタンタンタンタンタンタンタンタ
1,タンタンタンタンタンタタンタンタンタタンタンタンタタンタンタンタンタンタン,燥,タンタンタンタンタンタタンタンタンタタンタンタンタタンタンタンタンタンタ
1,タンタンタンタンタンタタンタンタンタンタンタンタンタンタタタンタンタンタン,講,タンタンタンタンタンタタンタンタンタンタンタンタンタンタタタンタンタンタ
1,タンタンタンタンタンタタンタンタンタンタンタンタンタンタンタンタタタタタン,謎,タンタンタンタンタンタタンタンタンタンタンタンタンタンタンタンタタタタタ
1,タンタンタンタンタンタンタタンタンタタンタンタンタタンタンタンタンタンタン,償,タンタンタンタンタンタンタタンタンタタンタンタンタタンタンタンタンタンタ
1,タンタンタンタンタンタンタンタンタンタンタンタンタンタンタンタンタタンタン,穫,タンタンタンタンタンタンタンタンタンタンタンタンタンタンタンタンタタンタ
2,タンタンタンタンタンタンタンタンタンタンタンタタンタンタンタンタンタンタン,"鎌,鎮",タンタンタンタンタンタンタンタンタンタンタンタタンタンタンタンタンタンタ
3,タンタンタンタンタンタンタンタンタンタンタンタンタタンタンタンタンタンタン,"顔,鎖,類",タンタンタンタンタンタンタンタンタンタンタンタンタタンタンタンタンタンタ
1,タタンタタンタンタンタンタンタンタンタタンタンタンタンタンタンタタンタンタン,縮,タタンタタンタンタンタンタンタンタンタタンタンタンタンタンタンタタンタンタ
1,タタンタンタンタンタタンタンタンタンタンタンタンタンタンタンタンタンタンタン,璧,タタンタンタンタンタタンタンタンタンタンタンタンタンタンタンタンタンタンタ
1,タンタタタンタンタンタンタンタンタンタンタンタタンタンタンタンタタンタンタン,臆,タンタタタンタンタンタンタンタンタンタンタンタタンタンタンタンタタンタンタ
1,タンタタンタンタンタタンタンタンタタンタタンタンタンタンタンタンタンタンタン,曜,タンタタンタンタンタタンタンタンタタンタタンタンタンタンタンタンタンタンタ
1,タンタタンタンタンタタンタンタンタンタンタンタタンタンタタンタンタンタンタン,擬,タンタタンタンタンタタンタンタンタンタンタンタタンタンタタンタンタンタンタ
1,タンタタンタンタンタンタタタンタンタンタンタンタンタンタンタンタタンタンタン,闇,タンタタンタンタンタンタタタンタンタンタンタンタンタンタンタンタタンタンタ
1,タンタタンタンタンタンタンタンタンタンタタンタンタタンタンタンタンタタンタン,曖,タンタタンタンタンタンタンタンタンタンタタンタンタタンタンタンタンタタンタ
1,タンタタンタンタンタンタンタンタンタンタンタンタンタンタンタンタタンタンタン,襟,タンタタンタンタンタンタンタンタンタンタンタンタンタンタンタンタタンタンタ
1,タンタンタタンタンタンタンタンタンタンタタンタンタンタンタンタタンタタンタン,醜,タンタンタタンタンタンタンタンタンタンタタンタンタンタンタンタタンタタンタ
1,タンタンタンタタンタンタンタンタンタンタンタンタンタンタタンタンタンタンタン,礎,タンタンタンタタンタンタンタンタンタンタンタンタンタンタタンタンタンタンタ
1,タンタンタンタンタタンタンタンタタンタンタンタタンタンタンタンタタンタンタン,懇,タンタンタンタンタタンタンタンタタンタンタンタタンタンタンタンタタンタンタ
1,タンタンタンタンタタンタンタンタンタンタンタンタンタンタンタンタタンタンタン,懲,タンタンタンタンタタンタンタンタンタンタンタンタンタンタンタンタタンタンタ
1,タンタンタンタンタンタタンタンタンタンタタンタンタタンタンタンタンタタンタン,優,タンタンタンタンタンタタンタンタンタンタタンタンタタンタンタンタンタタンタ
1,タンタンタンタンタンタタンタンタンタンタタンタンタンタタンタンタンタタンタン,爵,タンタンタンタンタンタタンタンタンタンタタンタンタンタタンタンタンタタンタ
1,タンタンタンタンタンタタンタンタンタンタタンタンタンタンタンタンタンタンタン,癖,タンタンタンタンタンタタンタンタンタンタタンタンタンタンタンタンタンタンタ
1,タンタンタンタンタンタタンタンタンタンタンタンタンタンタンタタンタンタンタン,藩,タンタンタンタンタンタタンタンタンタンタンタンタンタンタンタタンタンタンタ
1,タンタンタンタンタンタンタンタタンタンタンタンタンタタンタンタンタンタンタン,糧,タンタンタンタンタンタンタンタタンタンタンタンタンタタンタンタンタンタンタ
1,タンタンタンタンタンタンタンタンタンタタンタンタンタンタタタンタンタタンタン,鍋,タンタンタンタンタンタンタンタンタンタタンタンタンタンタタタンタンタタンタ
1,タンタンタンタンタンタンタンタンタンタンタタンタンタンタタタンタンタタンタン,矯,タンタンタンタンタンタンタンタンタンタンタタンタンタンタタタンタンタタンタ
1,タンタンタンタンタンタンタンタンタンタンタンタンタタンタンタンタタンタンタン,職,タンタンタンタンタンタンタンタンタンタンタンタンタタンタンタンタタンタンタ
1,タンタンタンタンタンタンタンタンタンタンタンタンタタンタンタンタンタンタタン,観,タンタンタンタンタンタンタンタンタンタンタンタンタタンタンタンタンタンタタ
2,タンタタンタンタンタンタンタンタンタンタンタンタンタタンタンタンタンタンタン,"顕,題",タンタタンタンタンタンタンタンタンタンタンタンタンタタンタンタンタンタンタ
1,タタタンタンタンタタタンタンタンタンタタンタンタンタンタンタンタンタンタンタン,翼,タタタンタンタンタタタンタンタンタンタタンタンタンタンタンタンタンタンタンタ
1,タンタタンタンタンタンタタンタンタタンタンタンタタンタンタンタンタタンタンタン,擦,タンタタンタンタンタンタタンタンタタンタンタンタタンタンタンタンタタンタンタ
1,タンタタンタンタンタンタンタンタンタンタンタタンタンタタンタンタンタンタンタン,瞬,タンタタンタンタンタンタンタンタンタンタンタタンタンタタンタンタンタンタンタ
1,タンタタンタンタンタンタンタンタンタンタンタタンタンタンタンタンタタンタンタン,贈,タンタタンタンタンタンタンタンタンタンタンタタンタンタンタンタンタタンタンタ
1,タンタンタタンタンタンタンタタンタンタンタンタンタンタンタンタタンタンタンタン,濫,タンタンタタンタンタンタンタタンタンタンタンタンタンタンタンタタンタンタンタ
1,タンタンタタンタンタンタンタンタンタンタンタンタンタタンタンタンタンタタンタン,覆,タンタンタタンタンタンタンタンタンタンタンタンタンタタンタンタンタンタタンタ
1,タンタンタンタタンタンタンタンタンタタンタンタンタンタタンタンタンタンタンタン,韓,タンタンタンタタンタンタンタンタンタタンタンタンタンタタンタンタンタンタンタ
1,タンタンタンタンタタタンタンタンタンタンタンタンタンタンタタンタンタンタンタン,藤,タンタンタンタンタタタンタンタンタンタンタンタンタンタンタタンタンタンタンタ
1,タンタンタンタンタンタタタンタンタンタンタンタンタンタンタンタタンタンタンタン,験,タンタンタンタンタンタタタンタンタンタンタンタンタンタンタンタタンタンタンタ
1,タタンタタンタンタンタンタンタンタンタンタンタンタンタタンタンタンタタンタンタン,織,タタンタタンタンタンタンタンタンタンタンタンタンタンタタンタンタンタタンタンタ
1,タンタタタンタンタンタンタンタンタンタンタンタンタンタタンタンタンタタンタンタン,臓,タンタタタンタンタンタンタンタンタンタンタンタンタンタタンタンタンタタンタンタ
1,タンタンタタンタンタタンタンタンタタンタンタンタンタンタタンタンタンタンタンタン,額,タンタンタタンタンタタンタンタンタタンタンタンタンタンタタンタンタンタンタンタ
1,タンタンタンタタンタンタンタンタンタンタンタタンタンタンタタンタンタンタタンタン,臨,タンタンタンタタンタンタンタンタンタンタンタタンタンタンタタンタンタンタタンタ
1,タンタンタンタンタタタンタンタンタンタンタンタンタンタンタンタンタンタンタンタン,璽,タンタンタンタンタタタンタンタンタンタンタンタンタンタンタンタンタンタンタンタ
1,タンタンタンタンタタンタンタンタタタンタタンタンタンタンタンタンタンタンタンタン,離,タンタンタンタンタタンタンタンタタタンタタンタンタンタンタンタンタンタンタンタ
1,タンタンタンタンタンタタタンタンタンタンタンタタンタンタンタタンタンタンタンタン,騒,タンタンタンタンタンタタタンタンタンタンタンタタンタンタンタタンタンタンタンタ
1,タンタンタンタンタンタタタンタンタンタンタンタンタンタンタンタンタタンタンタタン,騎,タンタンタンタンタンタタタンタンタンタンタンタンタンタンタンタンタタンタンタタ
1,タンタンタンタンタンタタンタンタンタンタンタンタンタンタンタタンタンタンタンタン,爆,タンタンタンタンタンタタンタンタンタンタンタンタンタンタンタタンタンタンタンタ
1,タンタンタンタンタンタンタンタタンタンタンタンタタタンタンタンタンタタンタンタン,簡,タンタンタンタンタンタンタンタタンタンタンタンタタタンタンタンタンタタンタンタ
1,タンタンタンタンタンタンタンタンタンタンタンタンタンタンタタンタンタンタンタタン,鏡,タンタンタンタンタンタンタンタンタンタンタンタンタンタンタタンタンタンタンタタ
2,タンタンタンタンタンタタンタンタンタンタンタンタンタンタンタンタンタタンタンタン,"譲,譜",タンタンタンタンタンタタンタンタンタンタンタンタンタンタンタンタンタタンタンタ
1,タタンタタンタンタンタンタンタンタンタンタンタンタンタンタンタンタンタタンタンタン,繕,タタンタタンタンタンタンタンタンタンタンタンタンタンタンタンタンタンタタンタンタ
1,タンタタンタンタンタンタタタンタンタンタンタンタタンタンタンタンタンタンタタンタン,闘,タンタタンタンタンタンタタタンタンタンタンタンタタンタンタンタンタンタンタタンタ
1,タンタタンタンタンタンタタンタタンタンタンタンタンタンタンタンタンタンタンタンタン,羅,タンタタンタンタンタンタタンタタンタンタンタンタンタンタンタンタンタンタンタンタ
1,タンタンタタンタンタンタタンタンタンタンタンタンタンタンタタンタンタンタンタンタン,瀬,タンタンタタンタンタンタタンタンタンタンタンタンタンタンタタンタンタンタンタンタ
1,タンタンタンタンタタタンタンタタンタタンタンタンタンタンタンタタンタンタンタンタン,繭,タンタンタンタンタタタンタンタタンタタンタンタンタンタンタンタタンタンタンタンタ
1,タンタンタンタンタタンタンタンタタンタンタンタンタンタンタタンタンタンタンタンタン,願,タンタンタンタンタタンタンタンタタンタンタンタンタンタンタタンタンタンタンタンタ
1,タンタンタンタンタンタタンタンタンタンタンタンタンタンタタンタンタンタタンタンタン,識,タンタンタンタンタンタタンタンタンタンタンタンタンタンタタンタンタンタタンタンタ
1,タンタンタンタンタンタンタタンタンタンタンタタンタンタンタタンタンタンタンタンタン,韻,タンタンタンタンタンタンタタンタンタンタンタタンタンタンタタンタンタンタンタンタ
1,タンタンタンタンタンタンタンタンタタンタンタンタタンタンタンタンタンタタンタンタン,簿,タンタンタンタンタンタンタンタンタタンタンタンタタンタンタンタンタンタタンタンタ
1,タンタンタンタンタンタンタンタンタタンタンタンタンタタタンタンタンタタタンタンタン,翻,タンタンタンタンタンタンタンタンタタンタンタンタンタタタンタンタンタタタンタンタ
1,タンタンタンタンタンタンタンタンタンタンタタンタンタンタンタタタンタンタンタンタン,鶏,タンタンタンタンタンタンタンタンタンタンタタンタンタンタンタタタンタンタンタンタ
1,タンタンタンタンタンタンタンタンタンタンタンタタンタンタンタンタンタタンタンタタン,麓,タンタンタンタンタンタンタンタンタンタンタンタタンタンタンタンタンタタンタンタタ
1,タンタンタンタンタンタンタンタンタンタンタンタンタンタンタタンタンタンタンタンタン,鐘,タンタンタンタンタンタンタンタンタンタンタンタンタンタンタタンタンタンタンタンタ
1,タンタンタンタンタンタンタンタンタンタンタンタンタンタンタンタンタンタタンタンタン,籍,タンタンタンタンタンタンタンタンタンタンタンタンタンタンタンタンタンタタンタンタ
1,タンタタンタンタタンタンタンタンタンタンタンタンタンタンタンタタンタンタタンタンタン,鯨,タンタタンタンタタンタンタンタンタンタンタンタンタンタンタンタタンタンタタンタンタ
1,タンタタンタンタンタタンタンタンタンタタタタンタンタンタンタタンタンタンタンタンタン,顎,タンタタンタンタンタタンタンタンタンタタタタンタンタンタンタタンタンタンタンタンタ
1,タンタタンタンタンタンタンタンタンタンタンタタンタンタタンタンタンタンタンタタンタン,蹴,タンタタンタンタンタンタンタンタンタンタンタタンタンタタンタンタンタンタンタタンタ
1,タンタンタタンタンタンタンタンタンタンタンタンタタンタンタンタンタンタタタンタンタン,覇,タンタンタタンタンタンタンタンタンタンタンタンタタンタンタンタンタンタタタンタンタ
1,タンタンタタンタンタンタンタンタンタンタンタンタンタンタンタンタンタンタタンタンタン,醸,タンタンタタンタンタンタンタンタンタンタンタンタンタンタンタンタンタンタタンタンタ
1,タンタンタンタンタタタンタンタタンタンタンタンタンタンタンタンタンタンタンタタンタン,警,タンタンタンタンタタタンタンタタンタンタンタンタンタンタンタンタンタンタンタタンタ
1,タンタンタンタンタンタタンタンタンタンタンタンタンタンタンタンタンタンタンタタンタン,護,タンタンタンタンタンタタンタンタンタンタンタンタンタンタンタンタンタンタンタタンタ
1,タンタタンタンタンタンタンタンタンタタンタンタンタンタンタンタタンタタンタンタンタタン,艶,タンタタンタンタンタンタンタンタンタタンタンタンタンタンタンタタンタタンタンタンタタ
1,タンタンタタンタンタンタンタタンタンタンタンタンタタンタンタンタンタンタタンタンタタン,麗,タンタンタタンタンタンタンタタンタンタンタンタンタタンタンタンタンタンタタンタンタタ
1,タンタンタンタンタンタタンタンタンタンタンタンタンタンタンタンタタンタンタタンタンタン,議,タンタンタンタンタンタタンタンタンタンタンタンタンタンタンタンタタンタンタタンタンタ
1,タンタタタンタンタンタンタンタンタンタンタンタンタンタンタンタンタタタンタンタンタンタン,騰,タンタタタンタンタンタンタンタンタンタンタンタンタンタンタンタンタタタンタンタンタンタ
1,タンタタンタンタンタンタンタンタンタンタンタンタンタンタンタンタタンタンタンタンタンタン,顧,タンタタンタンタンタンタンタンタンタンタンタンタンタンタンタンタタンタンタンタンタンタ
1,タンタンタタンタンタンタンタンタンタタンタンタタンタタンタンタンタンタンタンタタタンタン,霧,タンタンタタンタンタンタンタンタンタタンタンタタンタタンタンタンタンタンタンタタタンタ
1,タンタンタンタンタンタタンタンタンタンタタタンタンタンタンタンタタンタンタンタンタンタン,欄,タンタンタンタンタンタタンタンタンタンタタタンタンタンタンタンタタンタンタンタンタンタ
1,タンタンタンタンタンタンタタンタンタンタタンタンタンタンタンタンタンタタンタンタンタタン,競,タンタンタンタンタンタンタタンタンタンタタンタンタンタンタンタンタンタタンタンタンタタ
1,タンタタンタンタンタンタタンタンタンタンタンタタンタタンタンタンタンタンタンタタンタンタン,懸,タンタタンタンタンタンタタンタンタンタンタンタタンタタンタンタンタンタンタンタタンタンタ
1,タンタタンタンタンタンタンタンタタンタンタンタタンタンタンタンタンタンタンタンタンタンタン,躍,タンタタンタンタンタンタンタンタタンタンタンタタンタンタンタンタンタンタンタンタンタンタ
1,タンタンタンタンタンタンタンタンタンタンタンタンタンタタンタンタンタンタンタタンタタンタン,魔,タンタンタンタンタンタンタンタンタンタンタンタンタンタタンタンタンタンタンタタンタタンタ
1,タタンタタンタンタタンタンタンタタンタンタタタタンタンタンタンタンタンタンタンタタンタンタン,響,タタンタタンタンタタンタンタンタタンタンタタタタンタンタンタンタンタンタンタンタタンタンタ
1,タンタタンタンタンタンタタンタンタタタンタンタンタンタンタンタタタンタンタンタンタタタタタン,髄,タンタタンタンタンタンタタンタンタタタンタンタンタンタンタンタタタンタンタンタンタタタタタ
1,タンタタンタンタンタンタンタンタンタンタンタンタンタタンタンタンタンタタタンタンタンタンタン,鶴,タンタタンタンタンタンタンタンタンタンタンタンタンタタンタンタンタンタタタンタンタンタンタ
1,タンタンタタタンタンタンタンタンタンタンタタンタンタンタンタンタンタンタンタタンタンタンタン,艦,タンタンタタタンタンタンタンタンタンタンタタンタンタンタンタンタンタンタンタタンタンタンタ
1,タンタンタタンタンタンタンタンタンタンタタンタンタンタンタンタンタンタタンタンタンタタンタン,露,タンタンタタンタンタンタンタンタンタンタタンタンタンタンタンタンタンタタンタンタンタタンタ
1,タンタンタンタンタンタンタンタンタンタンタンタタンタンタンタンタンタンタンタンタタンタンタンタン,鑑,タンタンタンタンタンタンタンタンタンタンタンタタンタンタンタンタンタンタンタンタタンタンタンタ
1,タンタンタンタンタタタンタンタタンタンタンタンタンタンタンタンタンタンタンタタタンタンタンタンタン,驚,タンタンタンタンタタタンタンタタンタンタンタンタンタンタンタンタンタンタンタタタンタンタンタンタ
1,タンタンタンタンタンタンタンタンタンタンタンタンタタタンタンタンタンタタタンタンタタンタンタンタン,籠,タンタンタンタンタンタンタンタンタンタンタンタンタタタンタンタンタンタタタンタンタタンタンタンタ
1,タンタンタンタンタンタンタタタンタンタンタンタタタンタンタタンタンタンタンタンタンタンタタンタンタン,襲,タンタンタンタンタンタンタタタンタンタンタンタタタンタンタタンタンタンタンタンタンタンタタンタンタ
1,タンタンタンタンタタンタンタンタンタンタンタンタンタンタンタンタタンタンタンタンタンタンタンタタンタンタンタタンタンタンタン,鬱,タンタンタンタンタタンタンタンタンタンタンタンタンタンタンタンタタンタンタンタンタンタンタンタタンタンタンタタンタンタンタ
